"","id","palabra","orden","valoracion"
"1","-M0-9OQkabuGoSmceB5E","informaciůn",1,10
"2","-M0-9OQkabuGoSmceB5E","anŠlisis",2,10
"3","-M0-9OQkabuGoSmceB5E","investigaciůn",3,10
"4","-M0-9OQkabuGoSmceB5E","comercial",4,9
"5","-M0-9OQkabuGoSmceB5E","filtraciůn",5,0
"6","-M0U7_pJAU9Ehga0LIWq","informaciůn",1,10
"7","-M0U7_pJAU9Ehga0LIWq","tecnologŪa",2,10
"8","-M0U7_pJAU9Ehga0LIWq","sistemas",3,10
"9","-M0U7_pJAU9Ehga0LIWq","computadora",4,5
"10","-M0U7_pJAU9Ehga0LIWq","freaks",5,2
"11","-M2M9R-DBBKvCzlYoWR0","homovidens",1,7
"12","-M2M9R-DBBKvCzlYoWR0","revoluciůn",2,9
"13","-M2M9R-DBBKvCzlYoWR0","virtual",3,9
"14","-M2M9R-DBBKvCzlYoWR0","analogico",4,8
"15","-M2M9R-DBBKvCzlYoWR0","digital",5,7
"16","-M2MhH9dvNq3RzShEV1-","informaciůn",1,10
"17","-M2MhH9dvNq3RzShEV1-","accionables",2,9
"18","-M2MhH9dvNq3RzShEV1-","tecnologŪa",3,5
"19","-M2MhH9dvNq3RzShEV1-","ciencia",4,9
"20","-M2MhH9dvNq3RzShEV1-","estadŪstica",5,9
"21","-M2OlvD1JZjfdTGZsbHw","data",1,8
"22","-M2OlvD1JZjfdTGZsbHw","tecnologia",2,8
"23","-M2OlvD1JZjfdTGZsbHw","futuro",3,10
"24","-M2OlvD1JZjfdTGZsbHw","joven",4,9
"25","-M2OlvD1JZjfdTGZsbHw","noticiero",5,9
"26","-M2OunC4N1HIrIdCXw7z","informaciůn",1,7
"27","-M2OunC4N1HIrIdCXw7z","tecnologŪa",2,6
"28","-M2OunC4N1HIrIdCXw7z","avance",3,6
"29","-M2OunC4N1HIrIdCXw7z","datos",4,7
"30","-M2OunC4N1HIrIdCXw7z","velocidad",5,7
"31","-M2UNscfItR-VKSKId1m","internet",1,5
"32","-M2UNscfItR-VKSKId1m","control",2,1
"33","-M2UNscfItR-VKSKId1m","gobiernos",3,4
"34","-M2UNscfItR-VKSKId1m","facebook",4,5
"35","-M2UNscfItR-VKSKId1m","estadisticas",5,6
"36","-M2WVsZ-_IUoEbxBpR26","dataso",1,10
"37","-M2WVsZ-_IUoEbxBpR26","ayuda",2,10
"38","-M2WVsZ-_IUoEbxBpR26","importante",3,9
"39","-M2WVsZ-_IUoEbxBpR26","...",4,5
"40","-M2WVsZ-_IUoEbxBpR26","...",5,5
"41","-M2YdUBFrDxYvSG9E7X-","manipulaciůn",1,0
"42","-M2YdUBFrDxYvSG9E7X-","control",2,0
"43","-M2YdUBFrDxYvSG9E7X-","resoluciůn de problemas",3,5
"44","-M2YdUBFrDxYvSG9E7X-","mķltiples estŪmulos",4,2
"45","-M2YdUBFrDxYvSG9E7X-","eficacia",5,2
"46","-M2_T-DMepuBXF4aDdvC","grande",1,10
"47","-M2_T-DMepuBXF4aDdvC","datos",2,10
"48","-M2_T-DMepuBXF4aDdvC","informativos",3,10
"49","-M2_T-DMepuBXF4aDdvC","engloba",4,10
"50","-M2_T-DMepuBXF4aDdvC","todo",5,10
"51","-M2_T-DMepuBXF4aDdvC","beneficio",6,9
"52","-M2e6O_WHZM0MXYY-thH","avance",1,10
"53","-M2e6O_WHZM0MXYY-thH","tecnolůgico",2,10
"54","-M2e6O_WHZM0MXYY-thH","conexiůn",3,7
"55","-M2e6O_WHZM0MXYY-thH","mundial",4,10
"56","-M2e6O_WHZM0MXYY-thH","utilidad",5,10
"57","-M2fELkpj6exAMlFMdKd","informaciůn",1,0
"58","-M2fELkpj6exAMlFMdKd","base de datos",2,0
"59","-M2fELkpj6exAMlFMdKd","accesibilidad",3,0
"60","-M2fELkpj6exAMlFMdKd","comunidad",4,0
"61","-M2fELkpj6exAMlFMdKd","gran archivo",5,0
"62","-M2fpOVv1Q7R8KPgXPKb","exceso de informaciůn",1,2
"63","-M2fpOVv1Q7R8KPgXPKb","acoso mediŠtico",2,0
"64","-M2fpOVv1Q7R8KPgXPKb","manipulaciůn de informaciůn",3,2
"65","-M2fpOVv1Q7R8KPgXPKb","posmodernidad",4,2
"66","-M2fpOVv1Q7R8KPgXPKb","libre acceso",5,8
"67","-M2hqEpur6zagMpnQfmf","informaciůn",1,10
"68","-M2hqEpur6zagMpnQfmf","global",2,10
"69","-M2hqEpur6zagMpnQfmf","buscador",3,10
"70","-M2hqEpur6zagMpnQfmf","ordenador",4,10
"71","-M2hqEpur6zagMpnQfmf","gratis",5,10
"72","-M2i0rFGM9ErVXck8vtf","sobreinformaciůn",1,1
"73","-M2i0rFGM9ErVXck8vtf","invasiůn de la privacidad",2,0
"74","-M2i0rFGM9ErVXck8vtf","globalizaciůn",3,5
"75","-M2i0rFGM9ErVXck8vtf","acceso a informaciůn",4,8
"76","-M2i0rFGM9ErVXck8vtf","manipulaciůn de datos sensibles",5,0
"77","-M2i3IK6BZvZimYl7-KA","muchos datos",1,10
"78","-M2i3IK6BZvZimYl7-KA","desborde",2,2
"79","-M2i3IK6BZvZimYl7-KA","virtualidad",3,8
"80","-M2i3IK6BZvZimYl7-KA","usos de datos",4,2
"81","-M2i3IK6BZvZimYl7-KA","anŠlisis",5,10
"82","-M2j8TRe1A9HzDQOz-Dl","datos",1,4
"83","-M2j8TRe1A9HzDQOz-Dl","internet",2,8
"84","-M2j8TRe1A9HzDQOz-Dl","web",3,3
"85","-M2j8TRe1A9HzDQOz-Dl","aplicaciones",4,7
"86","-M2j8TRe1A9HzDQOz-Dl","informaciůn",5,3
"87","-M2j_dvQIpocfeq_ONWP","banco",1,3
"88","-M2j_dvQIpocfeq_ONWP","datos",2,8
"89","-M2j_dvQIpocfeq_ONWP","cůdigos",3,9
"90","-M2j_dvQIpocfeq_ONWP","logaritmos",4,7
"91","-M2j_dvQIpocfeq_ONWP","informaciůn",5,7
"92","-M2kRT_Ls0HPsuxuN9ev","informaciůn",1,10
"93","-M2kRT_Ls0HPsuxuN9ev","globalizaciůn",2,6
"94","-M2kRT_Ls0HPsuxuN9ev","cadena",3,5
"95","-M2kRT_Ls0HPsuxuN9ev","masivo",4,4
"96","-M2kRT_Ls0HPsuxuN9ev","empresa",5,3
"97","-M2n45K5ko32iExLG1_O","informaciůn",1,10
"98","-M2n45K5ko32iExLG1_O","masivo",2,4
"99","-M2n45K5ko32iExLG1_O","invasivo",3,0
"100","-M2n45K5ko32iExLG1_O","sistemŠtico",4,5
"101","-M2n45K5ko32iExLG1_O","estadŪstica",5,7
"102","-M2nvwPnmHoGrla4CCtb","informaciůn",1,10
"103","-M2nvwPnmHoGrla4CCtb","descifrar",2,8
"104","-M2nvwPnmHoGrla4CCtb","interacciůn",3,10
"105","-M2nvwPnmHoGrla4CCtb","construcciůn",4,9
"106","-M2nvwPnmHoGrla4CCtb","socializaciůn",5,9
"107","-M2oCta_znnbqDsXi_is","datos",1,5
"108","-M2oCta_znnbqDsXi_is","grandes",2,9
"109","-M2oCta_znnbqDsXi_is","complejos",3,5
"110","-M2oCta_znnbqDsXi_is","requiere procesar",4,6
"111","-M2oCta_znnbqDsXi_is","por otros programas",5,5
"112","-M2oma_G7HRxToHw-cGT","internet",1,10
"113","-M2oma_G7HRxToHw-cGT","datos",2,10
"114","-M2oma_G7HRxToHw-cGT","programacion",3,10
"115","-M2oma_G7HRxToHw-cGT","probabilidad",4,5
"116","-M2oma_G7HRxToHw-cGT","procesamiento",5,5
"117","-M2p0ylnKukKQXwe_hNM","datos",1,5
"118","-M2p0ylnKukKQXwe_hNM","informaciůn",2,5
"119","-M2p0ylnKukKQXwe_hNM","recopilaciůn",3,5
"120","-M2p0ylnKukKQXwe_hNM","procesamiento",4,5
"121","-M2p0ylnKukKQXwe_hNM","masivo",5,5
"122","-M2sF500LfduXuQ9IwZj","grandes datos",1,10
"123","-M2sF500LfduXuQ9IwZj","conocimiento",2,10
"124","-M2sF500LfduXuQ9IwZj","exploracion",3,10
"125","-M2sF500LfduXuQ9IwZj","tecnologŪa",4,10
"126","-M2sF500LfduXuQ9IwZj","informaciůn",5,10
"127","-M2uUDxoOXAOC5Nadm5Q","tremendo",1,8
"128","-M2uUDxoOXAOC5Nadm5Q","dato",2,9
"129","-M2uUDxoOXAOC5Nadm5Q","poder",3,8
"130","-M2uUDxoOXAOC5Nadm5Q","dimensiůn",4,8
"131","-M2uUDxoOXAOC5Nadm5Q","grande",5,8
"132","-M2v0ec4SiiPOGUqFGUb","corporacion",1,0
"133","-M2v0ec4SiiPOGUqFGUb","privacidad",2,10
"134","-M2v0ec4SiiPOGUqFGUb","vender",3,5
"135","-M2v0ec4SiiPOGUqFGUb","informacion",4,5
"136","-M2v0ec4SiiPOGUqFGUb","plata",5,4
"137","-M2xF57dopHK9BpRx5Hh","manipulaciůn",1,0
"138","-M2xF57dopHK9BpRx5Hh","informacion",2,10
"139","-M2xF57dopHK9BpRx5Hh","politica",3,0
"140","-M2xF57dopHK9BpRx5Hh","dominio",4,0
"141","-M2xF57dopHK9BpRx5Hh","ayuda",5,10
"142","-M2xGoFFBmmgTKpYvfhY","conexiones infinitas",1,9
"143","-M2xGoFFBmmgTKpYvfhY","internet",2,10
"144","-M2xGoFFBmmgTKpYvfhY","inteligencia artificial",3,9
"145","-M2xGoFFBmmgTKpYvfhY","nuevos softwares",4,10
"146","-M2xGoFFBmmgTKpYvfhY","respuestas",5,9
"147","-M2xPtAsXnj6573wthIF","anŠlisis",1,7
"148","-M2xPtAsXnj6573wthIF","escala",2,5
"149","-M2xPtAsXnj6573wthIF","datos",3,5
"150","-M2xPtAsXnj6573wthIF","vigilancia",4,4
"151","-M2xPtAsXnj6573wthIF","ciencia",5,9
"152","-M2xtkaLTAGxORvpcqnr","gran base de datos",1,4
"153","-M2xtkaLTAGxORvpcqnr","nube",2,7
"154","-M2xtkaLTAGxORvpcqnr","imformatica",3,9
"155","-M2xtkaLTAGxORvpcqnr","datos personales",4,1
"156","-M2xtkaLTAGxORvpcqnr","bķsqueda",5,4
"157","-M2yAbCja-NoP1Q9Mq22","cantidad",1,9
"158","-M2yAbCja-NoP1Q9Mq22","usuarios",2,9
"159","-M2yAbCja-NoP1Q9Mq22","algoritmos",3,9
"160","-M2yAbCja-NoP1Q9Mq22","gustos",4,7
"161","-M2yAbCja-NoP1Q9Mq22","sistemas",5,8
"162","-M2yHEk4O2PrIpJ7RFKp","datos",1,5
"163","-M2yHEk4O2PrIpJ7RFKp","sistema binario",2,5
"164","-M2yHEk4O2PrIpJ7RFKp","numero",3,5
"165","-M2yHEk4O2PrIpJ7RFKp","informacion codificada",4,5
"166","-M2yHEk4O2PrIpJ7RFKp","0-1-2",5,5
"167","-M2zO90WdpFEVPalRjSM","informacion",1,5
"168","-M2zO90WdpFEVPalRjSM","privacidad",2,1
"169","-M2zO90WdpFEVPalRjSM","libertad",3,2
"170","-M2zO90WdpFEVPalRjSM","publicidad",4,1
"171","-M2zO90WdpFEVPalRjSM","tecnologia",5,5
"172","-M2zTbUMqEycnjuOnRdU","datos",1,10
"173","-M2zTbUMqEycnjuOnRdU","capacidad velocidad",2,10
"174","-M2zTbUMqEycnjuOnRdU","procesamiento de datos",3,10
"175","-M2zTbUMqEycnjuOnRdU","tecnologia de la informaciůn",4,10
"176","-M2zTbUMqEycnjuOnRdU","capacidad para analizar y relacionar d",5,10
"177","-M3-EyU4jcQEgYNAOe3s","r studio",1,10
"178","-M3-EyU4jcQEgYNAOe3s","estadŪstica",2,10
"179","-M3-EyU4jcQEgYNAOe3s","internet",3,10
"180","-M3-EyU4jcQEgYNAOe3s","control",4,2
"181","-M3-EyU4jcQEgYNAOe3s","modelos",5,10
"182","-M3-QXl0-gKlc0UmpyNn","datos",1,10
"183","-M3-QXl0-gKlc0UmpyNn","conocimiento",2,10
"184","-M3-QXl0-gKlc0UmpyNn","control",3,2
"185","-M3-QXl0-gKlc0UmpyNn","nada",4,5
"186","-M3-QXl0-gKlc0UmpyNn","nada",5,5
"187","-M32POeX9RW1rFTkIb6d","grandes datos",1,5
"188","-M32POeX9RW1rFTkIb6d","volķmenes de datos",2,10
"189","-M32POeX9RW1rFTkIb6d","datos estructurados",3,5
"190","-M32POeX9RW1rFTkIb6d","datos de gran envergadura",4,5
"191","-M32POeX9RW1rFTkIb6d","nuevos servicios comerciales",5,5
"192","-M32VykWfiNM5m0P3U9V","corporaciones",1,2
"193","-M32VykWfiNM5m0P3U9V","informaciůn",2,10
"194","-M32VykWfiNM5m0P3U9V","espionaje",3,1
"195","-M32VykWfiNM5m0P3U9V","robo",4,0
"196","-M32VykWfiNM5m0P3U9V","encubierto",5,0
"197","-M3SNRpAxiy-4pTlRfxi","informaciůn",1,8
"198","-M3SNRpAxiy-4pTlRfxi","disponibilidad",2,9
"199","-M3SNRpAxiy-4pTlRfxi","riesgo",3,1
"200","-M3SNRpAxiy-4pTlRfxi","intimidad",4,2
"201","-M3SNRpAxiy-4pTlRfxi","computaciůn",5,7
"202","-M3lt2Bhf7uv-k52J35p","tecnologŪa",1,10
"203","-M3lt2Bhf7uv-k52J35p","velocidad",2,10
"204","-M3lt2Bhf7uv-k52J35p","informaciůn",3,10
"205","-M3lt2Bhf7uv-k52J35p","intimidad",4,3
"206","-M3lt2Bhf7uv-k52J35p","conexiůn",5,10
"207","-M3sxPk0nUoYrZGkm-ja","grande",1,7
"208","-M3sxPk0nUoYrZGkm-ja","datos",2,7
"209","-M3sxPk0nUoYrZGkm-ja","comunicaciůn",3,7
"210","-M3sxPk0nUoYrZGkm-ja","comercializaciůn",4,4
"211","-M3sxPk0nUoYrZGkm-ja","globalizaciůn",5,2
"212","-M3vrm1-PnnPcRZt85pD","datos",1,6
"213","-M3vrm1-PnnPcRZt85pD","internet",2,5
"214","-M3vrm1-PnnPcRZt85pD","navegaciům",3,5
"215","-M3vrm1-PnnPcRZt85pD","privacidad",4,5
"216","-M3vrm1-PnnPcRZt85pD","derechos",5,5
"217","-M3vrtaCfmnZHt109At7","internet",1,10
"218","-M3vrtaCfmnZHt109At7","online",2,10
"219","-M3vrtaCfmnZHt109At7","promos",3,10
"220","-M3vrtaCfmnZHt109At7","datos",4,10
"221","-M3vrtaCfmnZHt109At7","email",5,10
"222","-M3vs7oqT4KboKP9xjC5","compilar informaciůn",1,5
"223","-M3vs7oqT4KboKP9xjC5","banco de datos",2,5
"224","-M3vs7oqT4KboKP9xjC5","informŠtica",3,5
"225","-M3vs7oqT4KboKP9xjC5","informaciůn virtual",4,5
"226","-M3vs7oqT4KboKP9xjC5","internet",5,5
"227","-M3w2JpiZIw8kpUsskzv","internet",1,10
"228","-M3w2JpiZIw8kpUsskzv","almacenamiento",2,10
"229","-M3w2JpiZIw8kpUsskzv","base de datos",3,5
"230","-M3w2JpiZIw8kpUsskzv","capacidad",4,5
"231","-M3w2JpiZIw8kpUsskzv","velocidad",5,5
"232","-M3wGsVZGTr6H_MIHABL","informaciůn",1,10
"233","-M3wGsVZGTr6H_MIHABL","excesiva",2,5
"234","-M3wGsVZGTr6H_MIHABL","canales",3,9
"235","-M3wGsVZGTr6H_MIHABL","inclusiůn",4,10
"236","-M3wGsVZGTr6H_MIHABL","ķtil",5,10
"237","-M40GnKqZDUDVKuHZeN1","infomaciůn",1,10
"238","-M40GnKqZDUDVKuHZeN1","tecnologŪa",2,10
"239","-M40GnKqZDUDVKuHZeN1","programadores",3,10
"240","-M40GnKqZDUDVKuHZeN1","anŠlisis de mercado/consumidores",4,10
"241","-M40GnKqZDUDVKuHZeN1","segmentaciůn",5,5
"242","-M4605TVwYB7Jqvyxfwz","control",1,1
"243","-M4605TVwYB7Jqvyxfwz","informaciůn",2,5
"244","-M4605TVwYB7Jqvyxfwz","marketing",3,1
"245","-M4605TVwYB7Jqvyxfwz","infinito",4,5
"246","-M4605TVwYB7Jqvyxfwz","conexiůn",5,5
"247","-M46ULzYYzYfjd15rq9l","memoria artificial",1,5
"248","-M46ULzYYzYfjd15rq9l","muchos datos",2,5
"249","-M46ULzYYzYfjd15rq9l","muchos datos cargados",3,5
"250","-M46ULzYYzYfjd15rq9l","gran informaciůn guardada",4,5
"251","-M46ULzYYzYfjd15rq9l","mŠquina guarda datos",5,5
"252","-M46fJznS6rvED7w4-Lv","privacidad (pťrdida de)",1,0
"253","-M46fJznS6rvED7w4-Lv","anŠlisis",2,8
"254","-M46fJznS6rvED7w4-Lv","recurso",3,5
"255","-M46fJznS6rvED7w4-Lv","computaciůn",4,7
"256","-M46fJznS6rvED7w4-Lv","lugar comķn",5,2
"257","-M46zXQYg6QKgZVX_pQv","universo",1,8
"258","-M46zXQYg6QKgZVX_pQv","control",2,1
"259","-M46zXQYg6QKgZVX_pQv","manipulaciůn",3,1
"260","-M46zXQYg6QKgZVX_pQv","acceso",4,5
"261","-M46zXQYg6QKgZVX_pQv","democratizaciůn",5,6
"262","-M4710w3FVeTgjdkpJPX","informaciůn",1,10
"263","-M4710w3FVeTgjdkpJPX","intromisiůn",2,2
"264","-M4710w3FVeTgjdkpJPX","instanteneidad",3,7
"265","-M4710w3FVeTgjdkpJPX","marketing",4,7
"266","-M4710w3FVeTgjdkpJPX","redes",5,7
"267","-M47ExPq-lbDnXrT8wtS","datos",1,10
"268","-M47ExPq-lbDnXrT8wtS","informaciůn",2,10
"269","-M47ExPq-lbDnXrT8wtS","noticias",3,10
"270","-M47ExPq-lbDnXrT8wtS","llamar atenciůn",4,0
"271","-M47ExPq-lbDnXrT8wtS","accedť ahora",5,5
"272","-M47M8rn69ZaP2OdOy7R","informaciůn",1,10
"273","-M47M8rn69ZaP2OdOy7R","grande",2,10
"274","-M47M8rn69ZaP2OdOy7R","confiable",3,5
"275","-M47M8rn69ZaP2OdOy7R","interesante",4,5
"276","-M47M8rn69ZaP2OdOy7R","contenido",5,5
"277","-M47Wjv9dk5p4e5a6Iq3","internet",1,10
"278","-M47Wjv9dk5p4e5a6Iq3","redes sociales",2,9
"279","-M47Wjv9dk5p4e5a6Iq3","informacion",3,6
"280","-M47Wjv9dk5p4e5a6Iq3","trabajo",4,10
"281","-M47Wjv9dk5p4e5a6Iq3","intercambio",5,10
"282","-M4822FBV7CV-ctwFc9e","grande",1,10
"283","-M4822FBV7CV-ctwFc9e","datos",2,10
"284","-M4822FBV7CV-ctwFc9e","numerosos",3,10
"285","-M4822FBV7CV-ctwFc9e","muchos",4,10
"286","-M4822FBV7CV-ctwFc9e","informaciůn",5,10
"287","-M48q9mNBBmUMXpAydKS","base de datos",1,5
"288","-M48q9mNBBmUMXpAydKS","privacidad",2,2
"289","-M48q9mNBBmUMXpAydKS","marketing",3,5
"290","-M48q9mNBBmUMXpAydKS","estrategia",4,5
"291","-M48q9mNBBmUMXpAydKS","monetizaciůn",5,3
"292","-M48qPT14N4x4tX0sMf7","base de datos",1,0
"293","-M48qPT14N4x4tX0sMf7","servidor web",2,0
"294","-M48qPT14N4x4tX0sMf7","programaciůn",3,0
"295","-M48qPT14N4x4tX0sMf7","mantenimiento",4,0
"296","-M48qPT14N4x4tX0sMf7","informŠtica fŪsica",5,0
"297","-M49y46ZZ2pm7i3UcNLu","informaciůn",1,8
"298","-M49y46ZZ2pm7i3UcNLu","comunicaciůn",2,7
"299","-M49y46ZZ2pm7i3UcNLu","intercambio",3,8
"300","-M49y46ZZ2pm7i3UcNLu","global",4,5
"301","-M49y46ZZ2pm7i3UcNLu","ideas",5,8
"302","-M4A03asbnw6nzk8I4vR","manipulaciůn",1,2
"303","-M4A03asbnw6nzk8I4vR","ampliar",2,7
"304","-M4A03asbnw6nzk8I4vR","intereses",3,4
"305","-M4A03asbnw6nzk8I4vR","trascendente",4,6
"306","-M4A03asbnw6nzk8I4vR","mejorar",5,8
"307","-M4AJd3BtrZ3xduq4osn","datos",1,8
"308","-M4AJd3BtrZ3xduq4osn","analŪtica",2,8
"309","-M4AJd3BtrZ3xduq4osn","informaciůn",3,8
"310","-M4AJd3BtrZ3xduq4osn","decisiones",4,8
"311","-M4AJd3BtrZ3xduq4osn","negocios",5,8
"312","-M4AcPbQpTC-METSfP5k","informŠtica",1,8
"313","-M4AcPbQpTC-METSfP5k","computaciůn",2,8
"314","-M4AcPbQpTC-METSfP5k","tecnologŪa",3,8
"315","-M4AcPbQpTC-METSfP5k","datos",4,7
"316","-M4AcPbQpTC-METSfP5k","matemŠticas",5,7
"317","-M4Cf3KvtccpvZrsub2l","datos",1,7
"318","-M4Cf3KvtccpvZrsub2l","informaciůn",2,5
"319","-M4Cf3KvtccpvZrsub2l","flujo",3,5
"320","-M4Cf3KvtccpvZrsub2l","internet",4,5
"321","-M4Cf3KvtccpvZrsub2l","estadŪstica",5,5
"322","-M4CoQCiGFJjbORvBsQH","informaciůn",1,10
"323","-M4CoQCiGFJjbORvBsQH","tecnologia",2,10
"324","-M4CoQCiGFJjbORvBsQH","evoluciůn",3,9
"325","-M4CoQCiGFJjbORvBsQH","educaciůn",4,10
"326","-M4CoQCiGFJjbORvBsQH","cambio",5,8
"327","-M4DTrFzmy3pxm-A7w_U","dato",1,3
"328","-M4DTrFzmy3pxm-A7w_U","informacion",2,3
"329","-M4DTrFzmy3pxm-A7w_U","tecnologŪa",3,6
"330","-M4DTrFzmy3pxm-A7w_U","humano",4,9
"331","-M4DTrFzmy3pxm-A7w_U","variables",5,5
"332","-M4Dmi9DXcdYNEvPds4F","raro",1,5
"333","-M4Dmi9DXcdYNEvPds4F","interesante",2,5
"334","-M4Dmi9DXcdYNEvPds4F","sencillo",3,5
"335","-M4Dmi9DXcdYNEvPds4F","complicado",4,3
"336","-M4Dmi9DXcdYNEvPds4F","ingenioso",5,5
"337","-M4E07MEGVyMuAI6Ga6m","computadoras",1,10
"338","-M4E07MEGVyMuAI6Ga6m","sobreestimulaciůn",2,3
"339","-M4E07MEGVyMuAI6Ga6m","programador",3,5
"340","-M4E07MEGVyMuAI6Ga6m","informaciům",4,8
"341","-M4E07MEGVyMuAI6Ga6m","empresas",5,1
"342","-M4EyfqsuQyVAJ0-vi3k","marketing",1,0
"343","-M4EyfqsuQyVAJ0-vi3k","estadŪstica",2,10
"344","-M4EyfqsuQyVAJ0-vi3k","privacidad",3,1
"345","-M4EyfqsuQyVAJ0-vi3k","software",4,5
"346","-M4EyfqsuQyVAJ0-vi3k","resultados",5,8
"347","-M4FCXhNtqZ5TQk3f0Hr","internet",1,9
"348","-M4FCXhNtqZ5TQk3f0Hr","sobre informaciůn",2,3
"349","-M4FCXhNtqZ5TQk3f0Hr","accesibilidad",3,10
"350","-M4FCXhNtqZ5TQk3f0Hr","falsas noticias",4,0
"351","-M4FCXhNtqZ5TQk3f0Hr","ingenierŪa",5,8
"352","-M4FE_8DpDP33JDJhyFR","informaciůn",1,7
"353","-M4FE_8DpDP33JDJhyFR","control",2,3
"354","-M4FE_8DpDP33JDJhyFR","tecnologia",3,5
"355","-M4FE_8DpDP33JDJhyFR","gobierno",4,4
"356","-M4FE_8DpDP33JDJhyFR","poder",5,4
"357","-M4FgHjOrh1WWkiE4Jpq","datos",1,5
"358","-M4FgHjOrh1WWkiE4Jpq","grande",2,8
"359","-M4FgHjOrh1WWkiE4Jpq","agenda",3,6
"360","-M4FgHjOrh1WWkiE4Jpq","tecnicismo",4,5
"361","-M4FgHjOrh1WWkiE4Jpq","informaciůn",5,5
"362","-M4G0lbgtzXG3Ztts47C","grande",1,10
"363","-M4G0lbgtzXG3Ztts47C","informacion",2,10
"364","-M4G0lbgtzXG3Ztts47C","datos",3,10
"365","-M4G0lbgtzXG3Ztts47C","apple",4,10
"366","-M4G0lbgtzXG3Ztts47C","informatica",5,10
"367","-M4G4quSr9ib-mdfngz3","big mac",1,7
"368","-M4G4quSr9ib-mdfngz3","microsoft",2,8
"369","-M4G4quSr9ib-mdfngz3","apple",3,8
"370","-M4G4quSr9ib-mdfngz3","silicon valle",4,9
"371","-M4G4quSr9ib-mdfngz3","steve jobs",5,9
"372","-M4GKqHNosx4NqQ_VwpH","gran informaciůn",1,4
"373","-M4GKqHNosx4NqQ_VwpH","hackeo de datos",2,10
"374","-M4GKqHNosx4NqQ_VwpH","manipulaciůn de datos",3,10
"375","-M4GKqHNosx4NqQ_VwpH","proximidad para controlar",4,5
"376","-M4GKqHNosx4NqQ_VwpH","gran red de datos",5,5
"377","-M4GrXMfSAzmuoaAbilF","gran conocimiento",1,10
"378","-M4GrXMfSAzmuoaAbilF","grandes fechas",2,10
"379","-M4GrXMfSAzmuoaAbilF","mucho saber",3,10
"380","-M4GrXMfSAzmuoaAbilF","entender",4,10
"381","-M4GrXMfSAzmuoaAbilF","saber",5,10
"382","-M4H9YevJdxGiEBB66V4","control",1,3
"383","-M4H9YevJdxGiEBB66V4","negocio",2,3
"384","-M4H9YevJdxGiEBB66V4","accesibilidad",3,7
"385","-M4H9YevJdxGiEBB66V4","poder",4,4
"386","-M4H9YevJdxGiEBB66V4","informaciůn",5,5
"387","-M4HpW0_DE3Wt0F5vvoR","datos",1,7
"388","-M4HpW0_DE3Wt0F5vvoR","acumulaciůn",2,2
"389","-M4HpW0_DE3Wt0F5vvoR","almacenamiento",3,5
"390","-M4HpW0_DE3Wt0F5vvoR","control",4,3
"391","-M4HpW0_DE3Wt0F5vvoR","publico",5,0
"392","-M4Lss3W7OI-gRAUdPgq","datos",1,8
"393","-M4Lss3W7OI-gRAUdPgq","informacion",2,10
"394","-M4Lss3W7OI-gRAUdPgq","grande",3,8
"395","-M4Lss3W7OI-gRAUdPgq","datos",4,8
"396","-M4Lss3W7OI-gRAUdPgq","macrodatos",5,4
"397","-M4Lss3W7OI-gRAUdPgq","tecnologia",6,5
"398","-M4MHrfa2YMotVOJuC1A","brillo",1,3
"399","-M4MHrfa2YMotVOJuC1A","chimento",2,10
"400","-M4MHrfa2YMotVOJuC1A","perro",3,10
"401","-M4MHrfa2YMotVOJuC1A","gato",4,0
"402","-M4MHrfa2YMotVOJuC1A","cariŮo",5,5
"403","-M4NCeINm8i0fO1dJpbV","grande",1,10
"404","-M4NCeINm8i0fO1dJpbV","informacion",2,10
"405","-M4NCeINm8i0fO1dJpbV","soluciones",3,10
"406","-M4NCeINm8i0fO1dJpbV","tecnologias",4,10
"407","-M4NCeINm8i0fO1dJpbV","procesos",5,7
"408","-M4PU7s6fDvmB0Njhlf3","gran dato",1,4
"409","-M4PU7s6fDvmB0Njhlf3","dato importante",2,5
"410","-M4PU7s6fDvmB0Njhlf3","blog de datos",3,5
"411","-M4PU7s6fDvmB0Njhlf3","pŠgina de pdf",4,5
"412","-M4PU7s6fDvmB0Njhlf3","informacion",5,5
"413","-M4Q-V4UIKaX5yHM4Rsg","innovaciůn",1,10
"414","-M4Q-V4UIKaX5yHM4Rsg","manejo de muchos datos",2,10
"415","-M4Q-V4UIKaX5yHM4Rsg","informaciůn",3,10
"416","-M4Q-V4UIKaX5yHM4Rsg","bajos costos investigacion",4,10
"417","-M4Q-V4UIKaX5yHM4Rsg","amplitud de usos",5,10
"418","-M4Q6TpnDmxgCSCoWP0G","informaciůn",1,5
"419","-M4Q6TpnDmxgCSCoWP0G","datos",2,4
"420","-M4Q6TpnDmxgCSCoWP0G","recopilaciůn",3,5
"421","-M4Q6TpnDmxgCSCoWP0G","cantidad",4,5
"422","-M4Q6TpnDmxgCSCoWP0G","internet",5,5
"423","-M4Q8Bl_ud6vYf339lER","informaciůn",1,8
"424","-M4Q8Bl_ud6vYf339lER","social",2,10
"425","-M4Q8Bl_ud6vYf339lER","internet",3,9
"426","-M4Q8Bl_ud6vYf339lER","interacciůn",4,10
"427","-M4Q8Bl_ud6vYf339lER","datos",5,10
"428","-M4QshkOdvab21p23HF-","datos",1,7
"429","-M4QshkOdvab21p23HF-","informŠtica",2,8
"430","-M4QshkOdvab21p23HF-","empresas",3,10
"431","-M4QshkOdvab21p23HF-","memoria",4,5
"432","-M4QshkOdvab21p23HF-","redes",5,4
"433","-M4Rk4cOQHm7b0PDarQ-","sobre informaciůn",1,0
"434","-M4Rk4cOQHm7b0PDarQ-","informaciůn",2,9
"435","-M4Rk4cOQHm7b0PDarQ-","virtual",3,4
"436","-M4Rk4cOQHm7b0PDarQ-","desconectado",4,0
"437","-M4Rk4cOQHm7b0PDarQ-","conectado",5,8
"438","-M4UJC5l12tA3E8TzHsO","grandes bases de datos",1,9
"439","-M4UJC5l12tA3E8TzHsO","gestion de la informaciůn",2,9
"440","-M4UJC5l12tA3E8TzHsO","equipos de trabajo",3,8
"441","-M4UJC5l12tA3E8TzHsO","oferta laboral",4,9
"442","-M4UJC5l12tA3E8TzHsO","saber tecnico y disciplinas",5,7
"443","-M4Uabiv1313P9-nn070","gran",1,0
"444","-M4Uabiv1313P9-nn070","informaciůn",2,10
"445","-M4Uabiv1313P9-nn070","gran informaciůn",3,5
"446","-M4Uabiv1313P9-nn070","datos",4,7
"447","-M4Uabiv1313P9-nn070","medios",5,4
"448","-M4VqamiGawLCRXqbZfQ","proceso",1,10
"449","-M4VqamiGawLCRXqbZfQ","analisis",2,10
"450","-M4VqamiGawLCRXqbZfQ","estimaciones",3,10
"451","-M4VqamiGawLCRXqbZfQ","vigilancia",4,0
"452","-M4VqamiGawLCRXqbZfQ","desarrollo",5,10
"453","-M4X1PJ5I-WZklAzj7B-","informaciůn",1,7
"454","-M4X1PJ5I-WZklAzj7B-","importante",2,7
"455","-M4X1PJ5I-WZklAzj7B-","ayuda",3,5
"456","-M4X1PJ5I-WZklAzj7B-","variedad",4,6
"457","-M4X1PJ5I-WZklAzj7B-","consideraciůn",5,7
"458","-M4XHRyShBOXFftOIuLh","datos",1,8
"459","-M4XHRyShBOXFftOIuLh","software",2,9
"460","-M4XHRyShBOXFftOIuLh","global",3,6
"461","-M4XHRyShBOXFftOIuLh","anŠlisis",4,8
"462","-M4XHRyShBOXFftOIuLh","contexto",5,10
"463","-M4ZxrqG2qNNfSO7MmwO","nube",1,10
"464","-M4ZxrqG2qNNfSO7MmwO","conectividad",2,10
"465","-M4ZxrqG2qNNfSO7MmwO","desarrollo",3,7
"466","-M4ZxrqG2qNNfSO7MmwO","problemas",4,1
"467","-M4ZxrqG2qNNfSO7MmwO","union",5,10
"468","-M4_aDG7_KQD2W0eXLAP","mucha informaciůn",1,7
"469","-M4_aDG7_KQD2W0eXLAP","redes",2,8
"470","-M4_aDG7_KQD2W0eXLAP","correos, spams",3,0
"471","-M4_aDG7_KQD2W0eXLAP","empresas compran datos",4,0
"472","-M4_aDG7_KQD2W0eXLAP","servidores",5,5
"473","-M4_ydo_7cPCZukHzWO4","conjunto",1,5
"474","-M4_ydo_7cPCZukHzWO4","informaciůn",2,6
"475","-M4_ydo_7cPCZukHzWO4","falta de privacidad",3,2
"476","-M4_ydo_7cPCZukHzWO4","marketing",4,2
"477","-M4_ydo_7cPCZukHzWO4","dios del internet",5,3
"478","-M4_zs5FE37U3rhlgo-m","anŠlisis",1,8
"479","-M4_zs5FE37U3rhlgo-m","datos",2,10
"480","-M4_zs5FE37U3rhlgo-m","matemŠtica",3,7
"481","-M4_zs5FE37U3rhlgo-m","asociaciones",4,8
"482","-M4_zs5FE37U3rhlgo-m","predicciůn",5,9
"483","-M4a1JVfdap7afYm1Ag2","conocimiento",1,10
"484","-M4a1JVfdap7afYm1Ag2","saber",2,9
"485","-M4a1JVfdap7afYm1Ag2","interrogaciůn",3,8
"486","-M4a1JVfdap7afYm1Ag2","curiosidad",4,9
"487","-M4a1JVfdap7afYm1Ag2","cultivarse",5,7
"488","-M4aDKg_r4yUO_JBbmmE","base de datos",1,5
"489","-M4aDKg_r4yUO_JBbmmE","informaciůn",2,5
"490","-M4aDKg_r4yUO_JBbmmE","almacenamiento",3,5
"491","-M4aDKg_r4yUO_JBbmmE","datos personales",4,5
"492","-M4aDKg_r4yUO_JBbmmE","indexaciůn",5,5
"493","-M4aHhBk8C92dEQocCWh","el gran dato",1,0
"494","-M4aHhBk8C92dEQocCWh","masificaciůn",2,0
"495","-M4aHhBk8C92dEQocCWh","generalizaciůn exesivs",3,0
"496","-M4aHhBk8C92dEQocCWh","que esta de moda",4,0
"497","-M4aHhBk8C92dEQocCWh","pasa tiempo",5,10
"498","-M52mHmaCqOfYTvTVFnU","informaciůn",1,9
"499","-M52mHmaCqOfYTvTVFnU","importante",2,9
"500","-M52mHmaCqOfYTvTVFnU","informŠtica",3,5
"501","-M52mHmaCqOfYTvTVFnU","datos",4,8
"502","-M52mHmaCqOfYTvTVFnU","aviso",5,7
"503","-M534Jolbydy8wzpvDVr","grandes datos",1,10
"504","-M534Jolbydy8wzpvDVr","una noticia importante",2,10
"505","-M534Jolbydy8wzpvDVr","conocimiento",3,10
"506","-M534Jolbydy8wzpvDVr","un encabezado",4,5
"507","-M534Jolbydy8wzpvDVr","un tipo de problematica",5,10
"508","-M5Tl1lBApBD-BoX2J90","redes sociales",1,2
"509","-M5Tl1lBApBD-BoX2J90","google",2,8
"510","-M5Tl1lBApBD-BoX2J90","digitalizaciůn",3,8
"511","-M5Tl1lBApBD-BoX2J90","vigilancia",4,2
"512","-M5Tl1lBApBD-BoX2J90","cibercrimen",5,2
"513","-M5Wgd914D78sKJY72vu","anŠlisis",1,10
"514","-M5Wgd914D78sKJY72vu","masivo",2,8
"515","-M5Wgd914D78sKJY72vu","datos personales",3,8
"516","-M5Wgd914D78sKJY72vu","intereses",4,5
"517","-M5Wgd914D78sKJY72vu","gustos",5,5
"518","-M5Z06LUW02EYo8a7VVy","gran informaciůn",1,3
"519","-M5Z06LUW02EYo8a7VVy","trafico web",2,10
"520","-M5Z06LUW02EYo8a7VVy","internet",3,6
"521","-M5Z06LUW02EYo8a7VVy","intimidad",4,0
"522","-M5Z06LUW02EYo8a7VVy","privacidad",5,0
"523","-M5dfoSqs0IAPY1YICp1","informaciůn",1,7
"524","-M5dfoSqs0IAPY1YICp1","inteligencia",2,9
"525","-M5dfoSqs0IAPY1YICp1","datos",3,8
"526","-M5dfoSqs0IAPY1YICp1","herramientas",4,7
"527","-M5dfoSqs0IAPY1YICp1","tecnologŪas",5,8
"528","-M5gxUE3YdFAVh2mywii","conjunto",1,8
"529","-M5gxUE3YdFAVh2mywii","datos",2,8
"530","-M5gxUE3YdFAVh2mywii","referencia",3,8
"531","-M5gxUE3YdFAVh2mywii","producto",4,8
"532","-M5gxUE3YdFAVh2mywii","sevicio",5,8
"533","-M5jE-Z80QkdsSZtTKZy","prediccion",1,10
"534","-M5jE-Z80QkdsSZtTKZy","segmentacion",2,5
"535","-M5jE-Z80QkdsSZtTKZy","modelo",3,7
"536","-M5jE-Z80QkdsSZtTKZy","inteligencia artificial",4,7
"537","-M5jE-Z80QkdsSZtTKZy","control",5,3
"538","-M5lI6XjDnLU0EUKD8Bx","data grande",1,10
"539","-M5lI6XjDnLU0EUKD8Bx","mucha informaciůn",2,10
"540","-M5lI6XjDnLU0EUKD8Bx","pdf",3,8
"541","-M5lI6XjDnLU0EUKD8Bx","tarea",4,5
"542","-M5lI6XjDnLU0EUKD8Bx","actividades",5,5
"543","-M5oJ8_0KMwGQGQ-pQCB","mucha informaciůn",1,5
"544","-M5oJ8_0KMwGQGQ-pQCB","computadoras",2,6
"545","-M5oJ8_0KMwGQGQ-pQCB","almacenamiento de datos",3,10
"546","-M5oJ8_0KMwGQGQ-pQCB","archivos pesados",4,6
"547","-M5oJ8_0KMwGQGQ-pQCB","internet",5,10
"548","-M5tUgJTRTuAWG6gAvX7","mucho",1,8
"549","-M5tUgJTRTuAWG6gAvX7","dato",2,8
"550","-M5tUgJTRTuAWG6gAvX7","almacenado",3,8
"551","-M5tUgJTRTuAWG6gAvX7","estadistica",4,8
"552","-M5tUgJTRTuAWG6gAvX7","resolucion",5,8
"553","-M5wGqkAWJAwwvxBy89o","aspiracional",1,3
"554","-M5wGqkAWJAwwvxBy89o","tecnologŪa",2,6
"555","-M5wGqkAWJAwwvxBy89o","herramienta",3,8
"556","-M5wGqkAWJAwwvxBy89o","falsas expectativas",4,2
"557","-M5wGqkAWJAwwvxBy89o","complejo",5,7
"558","-M5wX1AfmIiskq2EUOrI","perfil de destinatario",1,3
"559","-M5wX1AfmIiskq2EUOrI","inereses",2,5
"560","-M5wX1AfmIiskq2EUOrI","consumo",3,1
"561","-M5wX1AfmIiskq2EUOrI","segmentaciůn de la audiencia",4,5
"562","-M5wX1AfmIiskq2EUOrI","control de poblaciůn",5,1
"563","-M5ynXsyhPg2CFxcBgpz","laboratorio",1,10
"564","-M5ynXsyhPg2CFxcBgpz","encuesta",2,10
"565","-M5ynXsyhPg2CFxcBgpz","relevamientos",3,6
"566","-M5ynXsyhPg2CFxcBgpz","masivos",4,2
"567","-M5ynXsyhPg2CFxcBgpz","situaciůn",5,6
"568","-M74J5gezg3O9ja87NNc","datos",1,8
"569","-M74J5gezg3O9ja87NNc","digital",2,9
"570","-M74J5gezg3O9ja87NNc","comercio",3,7
"571","-M74J5gezg3O9ja87NNc","innovaciůn",4,8
"572","-M74J5gezg3O9ja87NNc","redes",5,8
"573","-M74Tcj272dAK7B25mYP","datos",1,5
"574","-M74Tcj272dAK7B25mYP","gran cantidad",2,5
"575","-M74Tcj272dAK7B25mYP","velocidad",3,5
"576","-M74Tcj272dAK7B25mYP","actualidad",4,5
"577","-M74Tcj272dAK7B25mYP","informacion",5,5
"578","-M79mxE5pkUdnJTg9Wfe","anŠlisis",1,10
"579","-M79mxE5pkUdnJTg9Wfe","insights",2,10
"580","-M79mxE5pkUdnJTg9Wfe","accionar",3,10
"581","-M79mxE5pkUdnJTg9Wfe","control",4,9
"582","-M79mxE5pkUdnJTg9Wfe","informaciůn",5,10
"583","-M7C2RsadFTrnlndpz_L","nube",1,5
"584","-M7C2RsadFTrnlndpz_L","palabras",2,5
"585","-M7C2RsadFTrnlndpz_L","nodos",3,5
"586","-M7C2RsadFTrnlndpz_L","puntos",4,5
"587","-M7C2RsadFTrnlndpz_L","ecosistema",5,5
"588","-M7JmPhXypDTXgnQzG7R","accesibilidad",1,10
"589","-M7JmPhXypDTXgnQzG7R","informaciůn",2,10
"590","-M7JmPhXypDTXgnQzG7R","comodidad",3,10
"591","-M7JmPhXypDTXgnQzG7R","red",4,10
"592","-M7JmPhXypDTXgnQzG7R","fiabilidad",5,10
"593","-M7L0sptMAxfR-8H1f__","investigacion",1,10
"594","-M7L0sptMAxfR-8H1f__","mercado",2,3
"595","-M7L0sptMAxfR-8H1f__","informacion",3,4
"596","-M7L0sptMAxfR-8H1f__","noticia",4,4
"597","-M7L0sptMAxfR-8H1f__","datos",5,3
"598","-M7M9SpfDAyFtitageb8","grande",1,5
"599","-M7M9SpfDAyFtitageb8","informaciůn",2,8
"600","-M7M9SpfDAyFtitageb8","dato",3,5
"601","-M7M9SpfDAyFtitageb8","conplejidad",4,8
"602","-M7M9SpfDAyFtitageb8","demasiado",5,2
"603","-M7OrYtgcZdg9EkhavZW","mucha informaciůn",1,5
"604","-M7OrYtgcZdg9EkhavZW","base de datos",2,10
"605","-M7OrYtgcZdg9EkhavZW","bķsqueda",3,10
"606","-M7OrYtgcZdg9EkhavZW","comparticiůn de informaciůn",4,10
"607","-M7OrYtgcZdg9EkhavZW","informaciůn pķblica",5,5
"608","-M7TkcZIegd82PnnRIbp","informaciůn",1,4
"609","-M7TkcZIegd82PnnRIbp","manipulaciůn",2,10
"610","-M7TkcZIegd82PnnRIbp","espionaje",3,10
"611","-M7TkcZIegd82PnnRIbp","control",4,10
"612","-M7TkcZIegd82PnnRIbp","encuestas",5,0
"613","-M7VWRKRJ9RDIsukwiM5","datos",1,0
"614","-M7VWRKRJ9RDIsukwiM5","control",2,0
"615","-M7VWRKRJ9RDIsukwiM5","previsiůn",3,0
"616","-M7VWRKRJ9RDIsukwiM5","acciůn",4,0
"617","-M7VWRKRJ9RDIsukwiM5","replanteo",5,0
"618","-M7_aGS7jBQHsugFYefA","gran data",1,4
"619","-M7_aGS7jBQHsugFYefA","mucha informaciůn",2,3
"620","-M7_aGS7jBQHsugFYefA","desinformaciůn",3,1
"621","-M7_aGS7jBQHsugFYefA","pluralidad",4,8
"622","-M7_aGS7jBQHsugFYefA","sobredatos",5,3
"623","-M7efCTT-6V9kSTDrLru","grande",1,5
"624","-M7efCTT-6V9kSTDrLru","datos",2,6
"625","-M7efCTT-6V9kSTDrLru","informaciůn",3,7
"626","-M7efCTT-6V9kSTDrLru","evoluciůn",4,10
"627","-M7efCTT-6V9kSTDrLru","tecnologŪa",5,6
"628","-M7f8IVYgt494Mu5npHC","conglomerado de datos",1,10
"629","-M7f8IVYgt494Mu5npHC","conocimiento",2,10
"630","-M7f8IVYgt494Mu5npHC","regresiůn lineal",3,10
"631","-M7f8IVYgt494Mu5npHC","prediccion",4,10
"632","-M7f8IVYgt494Mu5npHC","futuro",5,10
"633","-M7fK3INqAfoTPSc2Xf9","datos",1,10
"634","-M7fK3INqAfoTPSc2Xf9","informacion",2,10
"635","-M7fK3INqAfoTPSc2Xf9","redes",3,10
"636","-M7fK3INqAfoTPSc2Xf9","internet",4,10
"637","-M7fK3INqAfoTPSc2Xf9","informatica",5,10
"638","-M7i1NYVISNV88VCzm0M","tecnologŪa",1,10
"639","-M7i1NYVISNV88VCzm0M","informaciůn",2,10
"640","-M7i1NYVISNV88VCzm0M","redes",3,10
"641","-M7i1NYVISNV88VCzm0M","conocimiento",4,10
"642","-M7i1NYVISNV88VCzm0M","intimidad",5,0
"643","-M7iRMbYszd2USiZADYg","recopilaciůn",1,5
"644","-M7iRMbYszd2USiZADYg","datos",2,5
"645","-M7iRMbYszd2USiZADYg","sistematizaciůn",3,5
"646","-M7iRMbYszd2USiZADYg","anŠlisis",4,5
"647","-M7iRMbYszd2USiZADYg","respuesta",5,5
"648","-M7uTFrfzCmWBtGFMvR7","informaciůn",1,10
"649","-M7uTFrfzCmWBtGFMvR7","flujo",2,10
"650","-M7uTFrfzCmWBtGFMvR7","internet",3,7
"651","-M7uTFrfzCmWBtGFMvR7","tecnologŪa",4,8
"652","-M7uTFrfzCmWBtGFMvR7","interconexiůn",5,10
"653","-M84vUtyVPBKpnBOwmfj","grandes datos.",1,4
"654","-M84vUtyVPBKpnBOwmfj","tecnologŪa",2,5
"655","-M84vUtyVPBKpnBOwmfj","internet",3,5
"656","-M84vUtyVPBKpnBOwmfj","redes sociales",4,6
"657","-M84vUtyVPBKpnBOwmfj","tecnologŪa",5,5
"658","-M8k5rFgbZkuld-qoXl4","volķmen de datos",1,10
"659","-M8k5rFgbZkuld-qoXl4","anŠlisis",2,10
"660","-M8k5rFgbZkuld-qoXl4","patrones",3,10
"661","-M8k5rFgbZkuld-qoXl4","decisiones",4,10
"662","-M8k5rFgbZkuld-qoXl4","estrategias",5,10
"663","-M8kBykCTrGkUL_AVXdS","base de datos",1,10
"664","-M8kBykCTrGkUL_AVXdS","gestion",2,9
"665","-M8kBykCTrGkUL_AVXdS","informatizar",3,9
"666","-M8kBykCTrGkUL_AVXdS","globalizacion",4,4
"667","-M8kBykCTrGkUL_AVXdS","unificacion",5,5
"668","-M8kNBsVW19H-qJq3aJ6","tecnologia",1,10
"669","-M8kNBsVW19H-qJq3aJ6","superficial",2,10
"670","-M8kNBsVW19H-qJq3aJ6","numeros",3,7
"671","-M8kNBsVW19H-qJq3aJ6","orden",4,7
"672","-M8kNBsVW19H-qJq3aJ6","archivos",5,7
"673","-M8ko1pc4ZScEYkz2fh0","datos",1,10
"674","-M8ko1pc4ZScEYkz2fh0","gran cantidad",2,10
"675","-M8ko1pc4ZScEYkz2fh0","informaciůn",3,10
"676","-M8ko1pc4ZScEYkz2fh0","procesaniento",4,10
"677","-M8ko1pc4ZScEYkz2fh0","masividad",5,10
"678","-M8l7u2AWWzRvXeLN0Wq","un gran dato",1,10
"679","-M8l7u2AWWzRvXeLN0Wq","datos grandes",2,10
"680","-M8l7u2AWWzRvXeLN0Wq","informaciůn importante",3,5
"681","-M8l7u2AWWzRvXeLN0Wq","algo grande",4,8
"682","-M8l7u2AWWzRvXeLN0Wq","informaciůn importante",5,5
"683","-M8lA1JN4l55IBlqjeno","tecnologŪa",1,9
"684","-M8lA1JN4l55IBlqjeno","datos virtuales",2,8
"685","-M8lA1JN4l55IBlqjeno","software",3,10
"686","-M8lA1JN4l55IBlqjeno","almacenamiento",4,10
"687","-M8lA1JN4l55IBlqjeno","internet",5,9
"688","-M8lAlX1ZPLv1tOUPX0e","venta de informacion",1,0
"689","-M8lAlX1ZPLv1tOUPX0e","campaŮa politica",2,0
"690","-M8lAlX1ZPLv1tOUPX0e","datos personales",3,0
"691","-M8lAlX1ZPLv1tOUPX0e","oportunidad",4,7
"692","-M8lAlX1ZPLv1tOUPX0e","mejorar la comunicacion",5,10
"693","-M8nDZE8TE8OHGsDLzvt","control",1,0
"694","-M8nDZE8TE8OHGsDLzvt","gustos",2,5
"695","-M8nDZE8TE8OHGsDLzvt","libertad",3,0
"696","-M8nDZE8TE8OHGsDLzvt","limite",4,0
"697","-M8nDZE8TE8OHGsDLzvt","privacidad",5,0
"698","-M8nFwolbjBkFTBnODuI","datos",1,7
"699","-M8nFwolbjBkFTBnODuI","periodismo",2,7
"700","-M8nFwolbjBkFTBnODuI","facebook",3,2
"701","-M8nFwolbjBkFTBnODuI","cambridge",4,2
"702","-M8nFwolbjBkFTBnODuI","infografŪa",5,9
"703","-M8nouvktrBFAh_xp5jW","monopolizar",1,0
"704","-M8nouvktrBFAh_xp5jW","causalidades",2,5
"705","-M8nouvktrBFAh_xp5jW","contaminaciůn",3,0
"706","-M8nouvktrBFAh_xp5jW","manipulacion",4,0
"707","-M8nouvktrBFAh_xp5jW","sobreinformaciůn",5,0
"708","-M8owv7xeIZCb16ac6nJ","futuro",1,5
"709","-M8owv7xeIZCb16ac6nJ","cibernťtica",2,4
"710","-M8owv7xeIZCb16ac6nJ","datos",3,2
"711","-M8owv7xeIZCb16ac6nJ","hackers",4,1
"712","-M8owv7xeIZCb16ac6nJ","investigaciůn",5,10
"713","-M8qFzQdpFuSbW0Ab5fn","grandes datos",1,3
"714","-M8qFzQdpFuSbW0Ab5fn","toma de decisiůn rapida",2,8
"715","-M8qFzQdpFuSbW0Ab5fn","datos volŠtiles",3,3
"716","-M8qFzQdpFuSbW0Ab5fn","falta de estŠndares",4,2
"717","-M8qFzQdpFuSbW0Ab5fn","organizaciůn de datos",5,8
"718","-M8qx2dG5u1DKpQZVpt2","una esfera contenida de datos e informaciůn",1,10
"719","-M8qx2dG5u1DKpQZVpt2","largas estructuras de redes",2,6
"720","-M8qx2dG5u1DKpQZVpt2","grandes cantidades de bits",3,9
"721","-M8qx2dG5u1DKpQZVpt2","gran datos",4,6
"722","-M8qx2dG5u1DKpQZVpt2","algoritmos",5,8
"723","-M8rSeoE-hu3qI41cOIt","informaciůn",1,10
"724","-M8rSeoE-hu3qI41cOIt","privacidad",2,2
"725","-M8rSeoE-hu3qI41cOIt","base de datos",3,5
"726","-M8rSeoE-hu3qI41cOIt","procesamiento de datos",4,6
"727","-M8rSeoE-hu3qI41cOIt","ventas y marketing",5,1
"728","-M8rxkI-JcGFnIFESa-m","informaciůn",1,5
"729","-M8rxkI-JcGFnIFESa-m","vigilancia",2,0
"730","-M8rxkI-JcGFnIFESa-m","dinero",3,2
"731","-M8rxkI-JcGFnIFESa-m","gobierno",4,0
"732","-M8rxkI-JcGFnIFESa-m","ayuda",5,10
"733","-M8uHmwbICaHfKm1bDuG","computadoras",1,9
"734","-M8uHmwbICaHfKm1bDuG","compaŮŪas",2,3
"735","-M8uHmwbICaHfKm1bDuG","empresarios",3,3
"736","-M8uHmwbICaHfKm1bDuG","silicon valley",4,3
"737","-M8uHmwbICaHfKm1bDuG","programaciůn",5,8
"738","-M8uZIh7v0kN8doX-Ocn","espionaje",1,1
"739","-M8uZIh7v0kN8doX-Ocn","informaciůn",2,8
"740","-M8uZIh7v0kN8doX-Ocn","elecciones",3,4
"741","-M8uZIh7v0kN8doX-Ocn","no privacidad",4,1
"742","-M8uZIh7v0kN8doX-Ocn","publicidad",5,4
"743","-M8xLm6N6StAel-mAbJM","informaciůn",1,7
"744","-M8xLm6N6StAel-mAbJM","numeros",2,5
"745","-M8xLm6N6StAel-mAbJM","matemŠtica",3,8
"746","-M8xLm6N6StAel-mAbJM","trabajo",4,7
"747","-M8xLm6N6StAel-mAbJM","futuro",5,7
"748","-M8zLQqtQIyhASnI4gXi","mucha informacion",1,10
"749","-M8zLQqtQIyhASnI4gXi","publicidad de la privacidad",2,0
"750","-M8zLQqtQIyhASnI4gXi","posibilidades",3,8
"751","-M8zLQqtQIyhASnI4gXi","mal uso",4,0
"752","-M8zLQqtQIyhASnI4gXi","corrupciůn",5,0
"753","-M9-NSakIfzM-p_HRKLV","estadistica",1,10
"754","-M9-NSakIfzM-p_HRKLV","graficos",2,8
"755","-M9-NSakIfzM-p_HRKLV","bases de datos",3,9
"756","-M9-NSakIfzM-p_HRKLV","ventas",4,2
"757","-M9-NSakIfzM-p_HRKLV","analisis",5,5
"758","-M9-ZJ7-HIQPqdpA_QXp","informaciůn",1,7
"759","-M9-ZJ7-HIQPqdpA_QXp","acceso",2,8
"760","-M9-ZJ7-HIQPqdpA_QXp","procesamiento",3,7
"761","-M9-ZJ7-HIQPqdpA_QXp","rŠpidez",4,8
"762","-M9-ZJ7-HIQPqdpA_QXp","anŠlisis",5,7
"763","-M9-hKCsT3NadlNn5y5i","facebook",1,0
"764","-M9-hKCsT3NadlNn5y5i","control",2,0
"765","-M9-hKCsT3NadlNn5y5i","perfil",3,5
"766","-M9-hKCsT3NadlNn5y5i","nķmeros",4,10
"767","-M9-hKCsT3NadlNn5y5i","influir",5,0
"768","-M9-pqiKL__J2MzXid2J","firma digital",1,8
"769","-M9-pqiKL__J2MzXid2J","moneda virtual",2,8
"770","-M9-pqiKL__J2MzXid2J","control",3,0
"771","-M9-pqiKL__J2MzXid2J","falta de privacidad",4,0
"772","-M9-pqiKL__J2MzXid2J","manipulacion",5,0
"773","-M9-q4CdzKmkxwjQ27Ro","informaciůn",1,5
"774","-M9-q4CdzKmkxwjQ27Ro","tecnologŪa",2,5
"775","-M9-q4CdzKmkxwjQ27Ro","polŪtica",3,5
"776","-M9-q4CdzKmkxwjQ27Ro","comunicaciůn",4,5
"777","-M9-q4CdzKmkxwjQ27Ro","ns",5,5
"778","-M906J5AoaweaWRDWMCp","masivo",1,5
"779","-M906J5AoaweaWRDWMCp","tecnologŪa",2,5
"780","-M906J5AoaweaWRDWMCp","almacenamiento",3,5
"781","-M906J5AoaweaWRDWMCp","datos",4,5
"782","-M906J5AoaweaWRDWMCp","analisis",5,5
"783","-M90EETwVmcgHX08Syvd","datos enormes",1,10
"784","-M90EETwVmcgHX08Syvd","complejidad",2,10
"785","-M90EETwVmcgHX08Syvd","alto volumen",3,5
"786","-M90EETwVmcgHX08Syvd","informaciůn",4,10
"787","-M90EETwVmcgHX08Syvd","anŠlisis",5,10
"788","-M90EETwVmcgHX08Syvd","consumidored",6,10
"789","-M9153SL_gfvUEwZ_DEw","macrodatos",1,5
"790","-M9153SL_gfvUEwZ_DEw","oracle",2,5
"791","-M9153SL_gfvUEwZ_DEw","casinos",3,5
"792","-M9153SL_gfvUEwZ_DEw","gobierno",4,0
"793","-M9153SL_gfvUEwZ_DEw","guerra",5,0
"794","-M915jTNhtuxZTBqd2CD","celular (whatsapp)",1,3
"795","-M915jTNhtuxZTBqd2CD","computadora",2,4
"796","-M915jTNhtuxZTBqd2CD","sobreinformaciůn",3,0
"797","-M915jTNhtuxZTBqd2CD","ausencia de intimidad",4,0
"798","-M915jTNhtuxZTBqd2CD","sobreexigencias horarias",5,0
"799","-M91oUSnjYz4Xd9pfYli","informaciůn",1,7
"800","-M91oUSnjYz4Xd9pfYli","espionaje",2,0
"801","-M91oUSnjYz4Xd9pfYli","manipulaciůn",3,1
"802","-M91oUSnjYz4Xd9pfYli","vida privada",4,2
"803","-M91oUSnjYz4Xd9pfYli","elecciones",5,2
"804","-M91xRujFlrevhyoAqN3","internet",1,8
"805","-M91xRujFlrevhyoAqN3","desigualdad de acceso",2,0
"806","-M91xRujFlrevhyoAqN3","informaciůn",3,5
"807","-M91xRujFlrevhyoAqN3","empresas",4,5
"808","-M91xRujFlrevhyoAqN3","redes sociales",5,7
"809","-M93Ik8w6W_dCmG6nshr","muchos datos",1,10
"810","-M93Ik8w6W_dCmG6nshr","mucha informacion",2,7
"811","-M93Ik8w6W_dCmG6nshr","corrupcion",3,1
"812","-M93Ik8w6W_dCmG6nshr","gestion",4,5
"813","-M93Ik8w6W_dCmG6nshr","progreso",5,5
"814","-M944wYW91C0jem2qwdT","espionaje",1,0
"815","-M944wYW91C0jem2qwdT","marketing",2,5
"816","-M944wYW91C0jem2qwdT","empresas",3,6
"817","-M944wYW91C0jem2qwdT","facebook",4,3
"818","-M944wYW91C0jem2qwdT","redes sociales",5,5
"819","-M94gBLGjCsunFmrUSu_","datos",1,10
"820","-M94gBLGjCsunFmrUSu_","control",2,3
"821","-M94gBLGjCsunFmrUSu_","tendencias",3,8
"822","-M94gBLGjCsunFmrUSu_","e commerce",4,7
"823","-M94gBLGjCsunFmrUSu_","publicidad",5,5
"824","-M9597kmiUK74myqKh2P","nube",1,6
"825","-M9597kmiUK74myqKh2P","computadora",2,5
"826","-M9597kmiUK74myqKh2P","google",3,4
"827","-M9597kmiUK74myqKh2P","facebook",4,3
"828","-M9597kmiUK74myqKh2P","privacidad",5,5
"829","-M95DFBWagwPFiqQwIPO","datos",1,6
"830","-M95DFBWagwPFiqQwIPO","informaciůn",2,7
"831","-M95DFBWagwPFiqQwIPO","informatica",3,7
"832","-M95DFBWagwPFiqQwIPO","cůmputos",4,7
"833","-M95DFBWagwPFiqQwIPO","grande",5,4
"834","-M95Rwwbri8WrXLxj5XF","tecnologia",1,10
"835","-M95Rwwbri8WrXLxj5XF","util",2,10
"836","-M95Rwwbri8WrXLxj5XF","peligroso",3,0
"837","-M95Rwwbri8WrXLxj5XF","dificil de entender",4,5
"838","-M95Rwwbri8WrXLxj5XF","consumismo",5,5
"839","-M96-5sjAB1L3BiIOha5","digital",1,6
"840","-M96-5sjAB1L3BiIOha5","web",2,7
"841","-M96-5sjAB1L3BiIOha5","trasmedia",3,7
"842","-M96-5sjAB1L3BiIOha5","virtual",4,5
"843","-M96-5sjAB1L3BiIOha5","sistemas",5,5
"844","-M96R3K8rJ6iQmSyJ3IM","informaciůn",1,5
"845","-M96R3K8rJ6iQmSyJ3IM","ganancia",2,2
"846","-M96R3K8rJ6iQmSyJ3IM","estadŪsticas",3,3
"847","-M96R3K8rJ6iQmSyJ3IM","intereses",4,2
"848","-M96R3K8rJ6iQmSyJ3IM","eternidad",5,5
"849","-M973eBgFPcjKRLX_3BM","estadŪsticas",1,10
"850","-M973eBgFPcjKRLX_3BM","investigaciůn",2,8
"851","-M973eBgFPcjKRLX_3BM","datos",3,8
"852","-M973eBgFPcjKRLX_3BM","informŠtica",4,8
"853","-M973eBgFPcjKRLX_3BM","informaciůn",5,8
"854","-M98y38g85yB4Vi094kx","tecnologŪa",1,7
"855","-M98y38g85yB4Vi094kx","programacion",2,8
"856","-M98y38g85yB4Vi094kx",".",3,5
"857","-M98y38g85yB4Vi094kx",".",4,5
"858","-M98y38g85yB4Vi094kx",".",5,5
"859","-M99R_PVrFtM5vlQXWdl","datos sobre los datos",1,10
"860","-M99R_PVrFtM5vlQXWdl","cruce de datos",2,8
"861","-M99R_PVrFtM5vlQXWdl","aprendizaje de las mŠquinas",3,8
"862","-M99R_PVrFtM5vlQXWdl","centralizaciůn de los datos",4,2
"863","-M99R_PVrFtM5vlQXWdl","posibilidad de poner a disposiciůn pķblica los dat",5,10
"864","-M99nDRmo0UF6UF8Az3a","plataforma virtual",1,10
"865","-M99nDRmo0UF6UF8Az3a","simulador",2,10
"866","-M99nDRmo0UF6UF8Az3a","inteligencia artificial",3,8
"867","-M99nDRmo0UF6UF8Az3a","red social",4,8
"868","-M99nDRmo0UF6UF8Az3a","software/ sistema operativo",5,10
"869","-M9A4D1YZmmvtUkeHsFJ","almacenamiento de datos",1,10
"870","-M9A4D1YZmmvtUkeHsFJ","gran manejo de datos",2,10
"871","-M9A4D1YZmmvtUkeHsFJ","archivos",3,10
"872","-M9A4D1YZmmvtUkeHsFJ","seguridad",4,10
"873","-M9A4D1YZmmvtUkeHsFJ","grande",5,10
"874","-M9B5kjwS61OsoEKoOxO","informaciůn",1,10
"875","-M9B5kjwS61OsoEKoOxO","gran cantidad de datos",2,10
"876","-M9B5kjwS61OsoEKoOxO","datos",3,10
"877","-M9B5kjwS61OsoEKoOxO","nube",4,10
"878","-M9B5kjwS61OsoEKoOxO","habitos de las personas",5,10
"879","-M9BIymT2ozqK0F_HAyd","informaciůn",1,10
"880","-M9BIymT2ozqK0F_HAyd","util",2,10
"881","-M9BIymT2ozqK0F_HAyd","actualizaciones",3,10
"882","-M9BIymT2ozqK0F_HAyd","confiable",4,10
"883","-M9BIymT2ozqK0F_HAyd","leal",5,10
"884","-M9CYlNcyNBvC5Z2_fcn","grande",1,8
"885","-M9CYlNcyNBvC5Z2_fcn","amplio",2,8
"886","-M9CYlNcyNBvC5Z2_fcn","on line",3,8
"887","-M9CYlNcyNBvC5Z2_fcn","informaciůn",4,7
"888","-M9CYlNcyNBvC5Z2_fcn","acceso",5,5
"889","-M9E8gmxN_yG_ULCW0S0","informaciůn",1,9
"890","-M9E8gmxN_yG_ULCW0S0","exposiciůn",2,1
"891","-M9E8gmxN_yG_ULCW0S0","personalizaciůn",3,7
"892","-M9E8gmxN_yG_ULCW0S0","especulaciůn",4,1
"893","-M9E8gmxN_yG_ULCW0S0","customizaciůn",5,8
"894","-M9FJc5oq3wkoSf3tMeR","grandes datos",1,10
"895","-M9FJc5oq3wkoSf3tMeR","informŠtica",2,10
"896","-M9FJc5oq3wkoSf3tMeR","redes",3,10
"897","-M9FJc5oq3wkoSf3tMeR","almacenamiento",4,10
"898","-M9FJc5oq3wkoSf3tMeR","informaciůn",5,10
"899","-M9FiEZdj-cr7fnwPpsC","informaciůn",1,10
"900","-M9FiEZdj-cr7fnwPpsC","complejidad",2,5
"901","-M9FiEZdj-cr7fnwPpsC","procesamiento",3,10
"902","-M9FiEZdj-cr7fnwPpsC","criterios",4,10
"903","-M9FiEZdj-cr7fnwPpsC","anŠlisis",5,10
"904","-M9GBxdGZWSrDeKo1rQ9","informaciůn",1,7
"905","-M9GBxdGZWSrDeKo1rQ9","internet",2,7
"906","-M9GBxdGZWSrDeKo1rQ9","datos",3,4
"907","-M9GBxdGZWSrDeKo1rQ9","mucho",4,5
"908","-M9GBxdGZWSrDeKo1rQ9","cantidad",5,5
"909","-M9IVj2bLFYgLX54AGya","informaciůn",1,10
"910","-M9IVj2bLFYgLX54AGya","abundante",2,10
"911","-M9IVj2bLFYgLX54AGya","algoritmos",3,5
"912","-M9IVj2bLFYgLX54AGya","opiniůn pķblica",4,5
"913","-M9IVj2bLFYgLX54AGya","consumo",5,5
"914","-M9J2S7bG1MLAXg9zZ5L","informaciůn",1,10
"915","-M9J2S7bG1MLAXg9zZ5L","manejo",2,5
"916","-M9J2S7bG1MLAXg9zZ5L","evoluciůn",3,10
"917","-M9J2S7bG1MLAXg9zZ5L","mercado",4,5
"918","-M9J2S7bG1MLAXg9zZ5L","competencia",5,0
"919","-M9JITBzSs6evKE5hC-l","mucho",1,2
"920","-M9JITBzSs6evKE5hC-l","grande",2,2
"921","-M9JITBzSs6evKE5hC-l","importante",3,10
"922","-M9JITBzSs6evKE5hC-l","leer",4,9
"923","-M9JITBzSs6evKE5hC-l","concentracion",5,10
"924","-M9JL3Zf1JSkgVqeYSGH","data analytics",1,10
"925","-M9JL3Zf1JSkgVqeYSGH","informaciůn",2,10
"926","-M9JL3Zf1JSkgVqeYSGH","minerŪa de datos",3,10
"927","-M9JL3Zf1JSkgVqeYSGH","anŠlisis estadŪstico",4,10
"928","-M9JL3Zf1JSkgVqeYSGH","machine learning",5,10
"929","-M9JN7xfG3zaAyG6fJB1","internet",1,10
"930","-M9JN7xfG3zaAyG6fJB1","pŠginas web",2,9
"931","-M9JN7xfG3zaAyG6fJB1","trabajo colaborativo",3,10
"932","-M9JN7xfG3zaAyG6fJB1","plagio",4,0
"933","-M9JN7xfG3zaAyG6fJB1","anŠlisis de fuentes",5,5
"934","-M9JN7xfG3zaAyG6fJB1","investigaciůn",6,9
"935","-M9JN7xfG3zaAyG6fJB1","brecha digital",7,1
"936","-M9JN7xfG3zaAyG6fJB1","celular",8,5
"937","-M9JN7xfG3zaAyG6fJB1","aplicaciones",9,5
"938","-M9JN7xfG3zaAyG6fJB1","habilidades digitales",10,10
"939","-M9JN7xfG3zaAyG6fJB1","espacio-tiempo",11,8
"940","-M9JN7xfG3zaAyG6fJB1","formaciůn",12,10
"941","-M9JN7xfG3zaAyG6fJB1","facebook",13,5
"942","-M9JN7xfG3zaAyG6fJB1","instagram",14,2
"943","-M9Jhtr7PZhf8u657mwP","informaciůn",1,7
"944","-M9Jhtr7PZhf8u657mwP","control",2,1
"945","-M9Jhtr7PZhf8u657mwP","investigaciůn",3,7
"946","-M9Jhtr7PZhf8u657mwP","corporaciůn",4,6
"947","-M9Jhtr7PZhf8u657mwP","estado",5,2
"948","-M9KGZz9Ev3Fw9pESmV8","hacker",1,5
"949","-M9KGZz9Ev3Fw9pESmV8","internet",2,10
"950","-M9KGZz9Ev3Fw9pESmV8","base de datos",3,6
"951","-M9KGZz9Ev3Fw9pESmV8","informaciůn",4,7
"952","-M9KGZz9Ev3Fw9pESmV8","milenio",5,5
"953","-M9KnSQurkRx9MBn0NG-","marketing",1,2
"954","-M9KnSQurkRx9MBn0NG-","programacion",2,8
"955","-M9KnSQurkRx9MBn0NG-","conocimiento",3,9
"956","-M9KnSQurkRx9MBn0NG-","decisiones",4,8
"957","-M9KnSQurkRx9MBn0NG-","informacion",5,7
"958","-M9O3ozw7PmJkiRsQReK","investigaciůn",1,10
"959","-M9O3ozw7PmJkiRsQReK","anŠlisis",2,10
"960","-M9O3ozw7PmJkiRsQReK","marketing",3,3
"961","-M9O3ozw7PmJkiRsQReK","seguimiento",4,4
"962","-M9O3ozw7PmJkiRsQReK","almacenaje",5,5
"963","-M9OIV5nFgFaAEEzkr-f","poder",1,6
"964","-M9OIV5nFgFaAEEzkr-f","politicas",2,7
"965","-M9OIV5nFgFaAEEzkr-f","potencial",3,10
"966","-M9OIV5nFgFaAEEzkr-f","informaciůn",4,5
"967","-M9OIV5nFgFaAEEzkr-f","invasivo",5,10
"968","-M9OMfjG-MEX7PZ7FKPZ","numeros",1,5
"969","-M9OMfjG-MEX7PZ7FKPZ","informacion",2,6
"970","-M9OMfjG-MEX7PZ7FKPZ","investigacion",3,7
"971","-M9OMfjG-MEX7PZ7FKPZ","estadistica",4,5
"972","-M9OMfjG-MEX7PZ7FKPZ","peoyeccion",5,5
"973","-M9P8cEyiTKn1oVHRZgj","respuestas",1,10
"974","-M9P8cEyiTKn1oVHRZgj","informaciůn",2,10
"975","-M9P8cEyiTKn1oVHRZgj","gran volumen de datos",3,10
"976","-M9P8cEyiTKn1oVHRZgj","tecnologŪa",4,10
"977","-M9P8cEyiTKn1oVHRZgj","vulnerable",5,2
"978","-M9PCFIA2SK6NYpI1YqT","poder",1,0
"979","-M9PCFIA2SK6NYpI1YqT","informaciůn",2,3
"980","-M9PCFIA2SK6NYpI1YqT","control",3,0
"981","-M9PCFIA2SK6NYpI1YqT","sistema",4,3
"982","-M9PCFIA2SK6NYpI1YqT","dinero",5,2
"983","-M9QE6KTmEE9p-e3QXHC","generar informaciůn",1,10
"984","-M9QE6KTmEE9p-e3QXHC","anŠlisis datos",2,10
"985","-M9QE6KTmEE9p-e3QXHC","decisiůn en base a informaciůn",3,10
"986","-M9QE6KTmEE9p-e3QXHC","eficiencia",4,10
"987","-M9QE6KTmEE9p-e3QXHC","planificaciůn",5,10
"988","-M9QE6KTmEE9p-e3QXHC","reducciůn costos",6,10
"989","-M9Qf1k4_L4Yd01_Y4ai","gran cantidad de contenido",1,10
"990","-M9Qf1k4_L4Yd01_Y4ai","informaciůn",2,10
"991","-M9Qf1k4_L4Yd01_Y4ai","almacenamiento",3,10
"992","-M9Qf1k4_L4Yd01_Y4ai","capacidad",4,10
"993","-M9Qf1k4_L4Yd01_Y4ai","tecnologŪa",5,10
"994","-M9RK7oRmnhZsy280u5Y","tecnologia",1,10
"995","-M9RK7oRmnhZsy280u5Y","innovacion",2,10
"996","-M9RK7oRmnhZsy280u5Y","sistema de datos",3,5
"997","-M9RK7oRmnhZsy280u5Y","rapidez",4,10
"998","-M9RK7oRmnhZsy280u5Y","eficacia",5,10
"999","-M9S0lo0Ll60FI_v1roX","gran",1,7
"1000","-M9S0lo0Ll60FI_v1roX","valorativo",2,4
"1001","-M9S0lo0Ll60FI_v1roX","importante",3,7
"1002","-M9S0lo0Ll60FI_v1roX","difŪcil",4,3
"1003","-M9S0lo0Ll60FI_v1roX","no entendi",5,5
"1004","-M9UPWfhWsEnHbOgssvH","software",1,10
"1005","-M9UPWfhWsEnHbOgssvH","hardware",2,9
"1006","-M9UPWfhWsEnHbOgssvH","plataformas",3,9
"1007","-M9UPWfhWsEnHbOgssvH","internet",4,9
"1008","-M9UPWfhWsEnHbOgssvH","base de datos",5,8
"1009","-M9UnyBP_fIDBDCXAT29","informaciůn",1,8
"1010","-M9UnyBP_fIDBDCXAT29","global",2,8
"1011","-M9UnyBP_fIDBDCXAT29","archivo",3,7
"1012","-M9UnyBP_fIDBDCXAT29","comunicaciůn",4,8
"1013","-M9UnyBP_fIDBDCXAT29","conexiůn",5,5
"1014","-M9VnOxy1vMHrL8Gzyhz","computadoras",1,6
"1015","-M9VnOxy1vMHrL8Gzyhz","mucha cantidad",2,3
"1016","-M9VnOxy1vMHrL8Gzyhz","desorden",3,1
"1017","-M9VnOxy1vMHrL8Gzyhz","tecnologŪas",4,8
"1018","-M9VnOxy1vMHrL8Gzyhz","clasificaciůn",5,7
"1019","-M9Vq68asFdI-Ys_aRyj","gran cantidad de datos",1,8
"1020","-M9Vq68asFdI-Ys_aRyj","previsiůn de sucesos",2,9
"1021","-M9Vq68asFdI-Ys_aRyj","peligrosidad en el uso de esos datos",3,1
"1022","-M9Vq68asFdI-Ys_aRyj","manipulaciůn con fines polŪticos",4,1
"1023","-M9Vq68asFdI-Ys_aRyj","falta de privacidad",5,0
"1024","-M9Vq68asFdI-Ys_aRyj","venta de datos sin consentimiento",6,2
"1025","-M9Vq68asFdI-Ys_aRyj","categorizaciones sociales errůneas sin grises",7,1
"1026","-M9WGG4v9N1cvwC3ThsY","anŠlisis de datos",1,8
"1027","-M9WGG4v9N1cvwC3ThsY","volumen de datos",2,3
"1028","-M9WGG4v9N1cvwC3ThsY","comercio de datos",3,5
"1029","-M9WGG4v9N1cvwC3ThsY","digitalizaciůn",4,7
"1030","-M9WGG4v9N1cvwC3ThsY","estructura",5,5
"1031","-M9WGd1GBwvXyXkw7B-b","informaciůn",1,6
"1032","-M9WGd1GBwvXyXkw7B-b","intereses",2,7
"1033","-M9WGd1GBwvXyXkw7B-b","habitos",3,7
"1034","-M9WGd1GBwvXyXkw7B-b","consumo",4,7
"1035","-M9WGd1GBwvXyXkw7B-b","tic's",5,5
"1036","-M9WNG8Up41wap7orj47","informaciůn",1,10
"1037","-M9WNG8Up41wap7orj47","mucho",2,10
"1038","-M9WNG8Up41wap7orj47","inglťs",3,10
"1039","-M9WNG8Up41wap7orj47","publicidad",4,5
"1040","-M9WNG8Up41wap7orj47","estudio",5,10
"1041","-M9WNOC5QR71VdppPym7","datos",1,5
"1042","-M9WNOC5QR71VdppPym7","mťtricas",2,5
"1043","-M9WNOC5QR71VdppPym7","complejidad",3,3
"1044","-M9WNOC5QR71VdppPym7","cantidad",4,4
"1045","-M9WNOC5QR71VdppPym7","categorizaciůn",5,5
"1046","-M9WO4jDYdki02VpANnC","datos personales",1,0
"1047","-M9WO4jDYdki02VpANnC","espionaje",2,0
"1048","-M9WO4jDYdki02VpANnC","mercado",3,0
"1049","-M9WO4jDYdki02VpANnC","manejo de las relaciones sociales",4,0
"1050","-M9WO4jDYdki02VpANnC","orden mundial",5,0
"1051","-M9WOiBb4U5IXdnqiGB8","datos",1,7
"1052","-M9WOiBb4U5IXdnqiGB8","estadŪstica",2,7
"1053","-M9WOiBb4U5IXdnqiGB8","mejora",3,7
"1054","-M9WOiBb4U5IXdnqiGB8","control",4,7
"1055","-M9WOiBb4U5IXdnqiGB8","evaluaciůn",5,7
"1056","-M9WeXwoKiVw3aRAG9_O","posibilidades",1,5
"1057","-M9WeXwoKiVw3aRAG9_O","camdbridge analitycs",2,0
"1058","-M9WeXwoKiVw3aRAG9_O","campaŮas de macri",3,0
"1059","-M9WeXwoKiVw3aRAG9_O","genťtica y patentes de monsanto",4,0
"1060","-M9WeXwoKiVw3aRAG9_O","guerra psicopolitica",5,0
"1061","-M9WeXwoKiVw3aRAG9_O","derechos humanos de 4ta generaciůn",6,10
"1062","-M9YPEZQ-ttuxXhJGs5f","hipermediaciones",1,5
"1063","-M9YPEZQ-ttuxXhJGs5f","cultura digital",2,10
"1064","-M9YPEZQ-ttuxXhJGs5f","scolari (autor)",3,10
"1065","-M9YPEZQ-ttuxXhJGs5f","tecnologŪa",4,10
"1066","-M9YPEZQ-ttuxXhJGs5f","comunicaciůn",5,10
"1067","-M9Z64DJaMWx8MaHNt6y","muchos datos",1,6
"1068","-M9Z64DJaMWx8MaHNt6y","complejo",2,4
"1069","-M9Z64DJaMWx8MaHNt6y","anŠlisis",3,6
"1070","-M9Z64DJaMWx8MaHNt6y","volumen",4,6
"1071","-M9Z64DJaMWx8MaHNt6y","informaciůn",5,7
"1072","-M9Zd4cdayURTwJGZqiZ","informaciůn",1,9
"1073","-M9Zd4cdayURTwJGZqiZ","organizaciůn",2,9
"1074","-M9Zd4cdayURTwJGZqiZ","control",3,2
"1075","-M9Zd4cdayURTwJGZqiZ","despersonalizaciůn",4,0
"1076","-M9Zd4cdayURTwJGZqiZ","acceso",5,5
"1077","-M9ZnyLUhv93_A51aj9v","datos",1,8
"1078","-M9ZnyLUhv93_A51aj9v","difŪcil",2,1
"1079","-M9ZnyLUhv93_A51aj9v","computaciůn",3,9
"1080","-M9ZnyLUhv93_A51aj9v","programaciůn",4,8
"1081","-M9ZnyLUhv93_A51aj9v","complejo",5,1
"1082","-M9_-uaDD0pyk4gmPDbe","pesado",1,2
"1083","-M9_-uaDD0pyk4gmPDbe","trŠfico",2,5
"1084","-M9_-uaDD0pyk4gmPDbe","datos",3,7
"1085","-M9_-uaDD0pyk4gmPDbe","hardware",4,5
"1086","-M9_-uaDD0pyk4gmPDbe","internet",5,7
"1087","-M9aPYmq3AHQO7p_IPEO","estadŪstica",1,7
"1088","-M9aPYmq3AHQO7p_IPEO","informaciůn",2,4
"1089","-M9aPYmq3AHQO7p_IPEO","privacidad",3,3
"1090","-M9aPYmq3AHQO7p_IPEO","comunicaciůn",4,3
"1091","-M9aPYmq3AHQO7p_IPEO","aa",5,5
"1092","-M9bPEajqZ48NB8XfdgH","gran data",1,10
"1093","-M9bPEajqZ48NB8XfdgH","buena informaciůn",2,10
"1094","-M9bPEajqZ48NB8XfdgH","informaciůn irrelevante",3,0
"1095","-M9bPEajqZ48NB8XfdgH","sarcasmo fake news",4,0
"1096","-M9bPEajqZ48NB8XfdgH","iluminati manipulaciůn de contenidos",5,0
"1097","-M9eJbiud3d8UgZSkLQX","informaciůn",1,5
"1098","-M9eJbiud3d8UgZSkLQX","poder",2,5
"1099","-M9eJbiud3d8UgZSkLQX","perfil",3,5
"1100","-M9eJbiud3d8UgZSkLQX","tecnologŪa",4,5
"1101","-M9eJbiud3d8UgZSkLQX","intereses",5,5
"1102","-M9eMLYoPJpwaiF28JpH","bioinformatica",1,10
"1103","-M9eMLYoPJpwaiF28JpH","bases de datos",2,10
"1104","-M9eMLYoPJpwaiF28JpH","informacion",3,10
"1105","-M9eMLYoPJpwaiF28JpH","procesar",4,10
"1106","-M9eMLYoPJpwaiF28JpH","estudio",5,10
"1107","-M9fIfZbxBQuf_C9ykdU","conglomerado de datos",1,0
"1108","-M9fIfZbxBQuf_C9ykdU","base de datos",2,10
"1109","-M9fIfZbxBQuf_C9ykdU","control social",3,0
"1110","-M9fIfZbxBQuf_C9ykdU","altgorismo",4,0
"1111","-M9fIfZbxBQuf_C9ykdU","habeas data",5,10
"1112","-M9fe1y2pfJPMNDavqwX","rastreo",1,0
"1113","-M9fe1y2pfJPMNDavqwX","publicidad",2,0
"1114","-M9fe1y2pfJPMNDavqwX","prediccion",3,10
"1115","-M9fe1y2pfJPMNDavqwX","invasion",4,0
"1116","-M9fe1y2pfJPMNDavqwX","simulacion",5,10
"1117","-M9ffUSfoDKgHn7g4VHI","masividad",1,10
"1118","-M9ffUSfoDKgHn7g4VHI","decisiones",2,10
"1119","-M9ffUSfoDKgHn7g4VHI","predicciůn",3,10
"1120","-M9ffUSfoDKgHn7g4VHI","aprendizaje",4,10
"1121","-M9ffUSfoDKgHn7g4VHI","futuro",5,10
"1122","-M9gEVSI0qjc5HlzRTzN","sistemas",1,4
"1123","-M9gEVSI0qjc5HlzRTzN","complejidad",2,0
"1124","-M9gEVSI0qjc5HlzRTzN","manipulacion de informacio",3,0
"1125","-M9gEVSI0qjc5HlzRTzN","quebrantar la esfera de lo privado",4,0
"1126","-M9gEVSI0qjc5HlzRTzN","inconmesurable",5,0
"1127","-M9im7X_vwdllY2L2qcW","datos",1,10
"1128","-M9im7X_vwdllY2L2qcW","predictivo",2,10
"1129","-M9im7X_vwdllY2L2qcW","analisis",3,10
"1130","-M9im7X_vwdllY2L2qcW","mineria",4,10
"1131","-M9im7X_vwdllY2L2qcW","aprendizaje",5,10
"1132","-M9jzjOvfhhnc1HQUw-K","tics",1,5
"1133","-M9jzjOvfhhnc1HQUw-K","privacidad",2,2
"1134","-M9jzjOvfhhnc1HQUw-K","informaciůn",3,5
"1135","-M9jzjOvfhhnc1HQUw-K","control",4,2
"1136","-M9jzjOvfhhnc1HQUw-K","monitoreo",5,5
"1137","-M9ktACuVC6ei8uX0_QT","ideas",1,10
"1138","-M9ktACuVC6ei8uX0_QT","tecnolůgica",2,10
"1139","-M9ktACuVC6ei8uX0_QT","avances",3,10
"1140","-M9ktACuVC6ei8uX0_QT","incorporaciůn",4,10
"1141","-M9ktACuVC6ei8uX0_QT","se abren nuevos horizontes",5,10
"1142","-M9kuexphs2s83feSRIf","informŠtico",1,10
"1143","-M9kuexphs2s83feSRIf","desafio",2,5
"1144","-M9kuexphs2s83feSRIf","dificultad",3,4
"1145","-M9kuexphs2s83feSRIf","conocimiento",4,10
"1146","-M9kuexphs2s83feSRIf","velocidad",5,5
"1147","-M9mWirV6vPcrexA2Ws_","informacion",1,5
"1148","-M9mWirV6vPcrexA2Ws_","personal",2,2
"1149","-M9mWirV6vPcrexA2Ws_","privada",3,1
"1150","-M9mWirV6vPcrexA2Ws_","control",4,2
"1151","-M9mWirV6vPcrexA2Ws_","dominacion",5,2
"1152","-M9mWirV6vPcrexA2Ws_","invasion",6,1
"1153","-M9nqYSkZakrx3Y3WN9S","informaciůn",1,8
"1154","-M9nqYSkZakrx3Y3WN9S","tecnologia",2,8
"1155","-M9nqYSkZakrx3Y3WN9S","servicios tecnolůgicos de informaciůn",3,8
"1156","-M9nqYSkZakrx3Y3WN9S","tecnologŪa inevitable",4,2
"1157","-M9nqYSkZakrx3Y3WN9S","mercado de informaciůn y datos",5,2
"1158","-M9nqYSkZakrx3Y3WN9S","no regulado muchas veces por los estados",6,2
"1159","-M9nzc4vnb7gkyGluTy9","gran",1,10
"1160","-M9nzc4vnb7gkyGluTy9","datos",2,10
"1161","-M9nzc4vnb7gkyGluTy9","informaciůn",3,10
"1162","-M9nzc4vnb7gkyGluTy9","primordial",4,10
"1163","-M9nzc4vnb7gkyGluTy9","novedad",5,10
"1164","-M9qLboEZV36oJ_TyVTW","base de datos",1,10
"1165","-M9qLboEZV36oJ_TyVTW","informacion",2,8
"1166","-M9qLboEZV36oJ_TyVTW","recopilacion",3,7
"1167","-M9qLboEZV36oJ_TyVTW","inseguro",4,3
"1168","-M9qLboEZV36oJ_TyVTW","investigacion",5,10
"1169","-M9wcXm0RJpx_JvCsxmp","nube",1,7
"1170","-M9wcXm0RJpx_JvCsxmp","informaciůn",2,5
"1171","-M9wcXm0RJpx_JvCsxmp","volumen",3,5
"1172","-M9wcXm0RJpx_JvCsxmp","datos",4,5
"1173","-M9wcXm0RJpx_JvCsxmp","tendencia",5,5
"1174","-M9xMDhgcbyfZt_0h02j","muchos datos",1,8
"1175","-M9xMDhgcbyfZt_0h02j","nos escuchan",2,2
"1176","-M9xMDhgcbyfZt_0h02j","base de datos muy grande",3,8
"1177","-M9xMDhgcbyfZt_0h02j","internet",4,10
"1178","-M9xMDhgcbyfZt_0h02j","logaritmos",5,7
"1179","-M9xUtvCz1CO-fhWhxcW","informaciůn",1,10
"1180","-M9xUtvCz1CO-fhWhxcW","privada",2,2
"1181","-M9xUtvCz1CO-fhWhxcW","globalizaciůn",3,10
"1182","-M9xUtvCz1CO-fhWhxcW","tecnologŪa",4,9
"1183","-M9xUtvCz1CO-fhWhxcW","innovaciůn",5,10
"1184","-MA1lb7yaEsRL6pfJQIU","innovador",1,7
"1185","-MA1lb7yaEsRL6pfJQIU","desafŪo",2,8
"1186","-MA1lb7yaEsRL6pfJQIU","complejidad",3,7
"1187","-MA1lb7yaEsRL6pfJQIU","tics",4,10
"1188","-MA1lb7yaEsRL6pfJQIU","herramienta",5,10
"1189","-MA1ofWJV23GYP3n_6CD","gran dato",1,5
"1190","-MA1ofWJV23GYP3n_6CD","mucho espacio",2,5
"1191","-MA1ofWJV23GYP3n_6CD","gran espacio",3,5
"1192","-MA1ofWJV23GYP3n_6CD","mucho tiempo",4,5
"1193","-MA1ofWJV23GYP3n_6CD","informatica",5,5
"1194","-MA2h7BSTc0qWZ3BLU-Y","que",1,5
"1195","-MA2h7BSTc0qWZ3BLU-Y","boludes",2,5
"1196","-MA2h7BSTc0qWZ3BLU-Y","que",3,5
"1197","-MA2h7BSTc0qWZ3BLU-Y","estŠn",4,5
"1198","-MA2h7BSTc0qWZ3BLU-Y","haciendo",5,5
"1199","-MA2sisq3Q0zUncprTLQ","poder",1,10
"1200","-MA2sisq3Q0zUncprTLQ","complejidad",2,3
"1201","-MA2sisq3Q0zUncprTLQ","costoso",3,1
"1202","-MA2sisq3Q0zUncprTLQ","ventaja",4,10
"1203","-MA2sisq3Q0zUncprTLQ","privacidad",5,0
"1204","-MA3n8HEVI12lqBe-nMK","sonbreinformaciůn",1,3
"1205","-MA3n8HEVI12lqBe-nMK","vulnerabilidad",2,0
"1206","-MA3n8HEVI12lqBe-nMK","poder",3,0
"1207","-MA3n8HEVI12lqBe-nMK","manipulaciůn",4,0
"1208","-MA3n8HEVI12lqBe-nMK","desconocimiento",5,3
"1209","-MA4WaBx30V6BCJ1r8h3","individualismo",1,0
"1210","-MA4WaBx30V6BCJ1r8h3","posmoderno",2,0
"1211","-MA4WaBx30V6BCJ1r8h3","desinformacion",3,0
"1212","-MA4WaBx30V6BCJ1r8h3","avismo",4,0
"1213","-MA4WaBx30V6BCJ1r8h3","perdida",5,5
"1214","-MA4YbfnliAzhenhPQ2L","informacion",1,7
"1215","-MA4YbfnliAzhenhPQ2L","control",2,5
"1216","-MA4YbfnliAzhenhPQ2L","trazabilidad",3,7
"1217","-MA4YbfnliAzhenhPQ2L","decisiůn",4,5
"1218","-MA4YbfnliAzhenhPQ2L","tecnologia",5,5
"1219","-MA5drRLHu9kKkVh87Ul","opinion publica",1,10
"1220","-MA5drRLHu9kKkVh87Ul","manipulacion",2,2
"1221","-MA5drRLHu9kKkVh87Ul","datos",3,5
"1222","-MA5drRLHu9kKkVh87Ul","publicidad",4,2
"1223","-MA5drRLHu9kKkVh87Ul","redes sociales",5,0
"1224","-MA6mx_316uOHOgOX_Vq","informaciůn",1,10
"1225","-MA6mx_316uOHOgOX_Vq","instantŠnea",2,8
"1226","-MA6mx_316uOHOgOX_Vq","seguimiento",3,2
"1227","-MA6mx_316uOHOgOX_Vq","inmediato",4,8
"1228","-MA6mx_316uOHOgOX_Vq","redes sociales",5,7
"1229","-MA6xOPVFeWk-2iEI5Ut","espionaje",1,1
"1230","-MA6xOPVFeWk-2iEI5Ut","mencancŪa",2,2
"1231","-MA6xOPVFeWk-2iEI5Ut","inteligencia artificial",3,10
"1232","-MA6xOPVFeWk-2iEI5Ut","concentraciůn de poder",4,0
"1233","-MA6xOPVFeWk-2iEI5Ut","desarrollo intelectual",5,8
"1234","-MA7I6EGVB6HX0WdjOD3","informaciůn",1,8
"1235","-MA7I6EGVB6HX0WdjOD3","segmentaciůn",2,5
"1236","-MA7I6EGVB6HX0WdjOD3","control de flujos informativos",3,2
"1237","-MA7I6EGVB6HX0WdjOD3","acceso a informaciůn sensible",4,2
"1238","-MA7I6EGVB6HX0WdjOD3","manipulaciůn",5,0
"1239","-MA84bdjTbDNYpW4rVrn","grandes datos",1,1
"1240","-MA84bdjTbDNYpW4rVrn","poco abarcativo",2,7
"1241","-MA84bdjTbDNYpW4rVrn","grandes archivos",3,2
"1242","-MA84bdjTbDNYpW4rVrn","mucha informaciůn",4,0
"1243","-MA84bdjTbDNYpW4rVrn","datos recopilados",5,3
"1244","-MA9Ls5s9ZqRh2ad_xRS","control",1,0
"1245","-MA9Ls5s9ZqRh2ad_xRS","1984",2,0
"1246","-MA9Ls5s9ZqRh2ad_xRS","gran hermano",3,0
"1247","-MA9Ls5s9ZqRh2ad_xRS","redes sociales",4,0
"1248","-MA9Ls5s9ZqRh2ad_xRS","china",5,0
"1249","-MACbOjTBFOUnOTnD_p5","datos",1,9
"1250","-MACbOjTBFOUnOTnD_p5","cantidad",2,9
"1251","-MACbOjTBFOUnOTnD_p5","grande",3,9
"1252","-MACbOjTBFOUnOTnD_p5","tecnologia",4,9
"1253","-MACbOjTBFOUnOTnD_p5","internet",5,9
"1254","-MHJlrA1dB1lEQ2dtLwy","datos",1,10
"1255","-MHJlrA1dB1lEQ2dtLwy","grabde",2,10
"1256","-MHJlrA1dB1lEQ2dtLwy","personal",3,0
"1257","-MHJlrA1dB1lEQ2dtLwy","global",4,10
"1258","-MHJlrA1dB1lEQ2dtLwy","informacion",5,10
"1259","-MHvawm4Gby6HjQPqhIF","datos grandes",1,5
"1260","-MHvawm4Gby6HjQPqhIF","tecnologia",2,7
"1261","-MHvawm4Gby6HjQPqhIF","avance",3,6
"1262","-MHvawm4Gby6HjQPqhIF","futuro",4,7
"1263","-MHvawm4Gby6HjQPqhIF","globalizacion",5,1
"1264","-MHwq39ljl8yTbFIUCAt","tecnologias",1,7
"1265","-MHwq39ljl8yTbFIUCAt","datos",2,5
"1266","-MHwq39ljl8yTbFIUCAt","investigaciůn",3,6
"1267","-MHwq39ljl8yTbFIUCAt","relaciones",4,5
"1268","-MHwq39ljl8yTbFIUCAt","sustituciůn",5,4
"1269","-MI-DBiVXnjO1_xyIqe5","observaciůn",1,0
"1270","-MI-DBiVXnjO1_xyIqe5","informaciůn",2,5
"1271","-MI-DBiVXnjO1_xyIqe5","superior",3,0
"1272","-MI-DBiVXnjO1_xyIqe5","amplitud",4,5
"1273","-MI-DBiVXnjO1_xyIqe5","simplicidad",5,5
"1274","-MI1Ua2LKwQkRp6L_KL4","sometimiento",1,3
"1275","-MI1Ua2LKwQkRp6L_KL4","control",2,1
"1276","-MI1Ua2LKwQkRp6L_KL4","esclavitud",3,0
"1277","-MI1Ua2LKwQkRp6L_KL4","informacion",4,3
"1278","-MI1Ua2LKwQkRp6L_KL4","decadencia",5,2
"1279","-MJiTO5NAjveOIB6uc7G","informacion personal",1,5
"1280","-MJiTO5NAjveOIB6uc7G","internet",2,10
"1281","-MJiTO5NAjveOIB6uc7G","redes sociales",3,2
"1282","-MJiTO5NAjveOIB6uc7G","compartir",4,0
"1283","-MJiTO5NAjveOIB6uc7G","macrodatos",5,4
"1284","-MJiTO5NAjveOIB6uc7G","tecnologŪa",6,10
"1285","-MK66xQT-woKEPPt8iKS","informaciůn",1,10
"1286","-MK66xQT-woKEPPt8iKS","posibilidades",2,10
"1287","-MK66xQT-woKEPPt8iKS","anŠlisis",3,5
"1288","-MK66xQT-woKEPPt8iKS","trabajo",4,7
"1289","-MK66xQT-woKEPPt8iKS","nuevo",5,5
"1290","-MKNfl6SdR7h-NBvZ_Jj","informaciůn a lo grande",1,9
"1291","-MKNfl6SdR7h-NBvZ_Jj","ocťano de datos",2,7
"1292","-MKNfl6SdR7h-NBvZ_Jj","algo superior",3,10
"1293","-MKNfl6SdR7h-NBvZ_Jj","nube digital",4,9
"1294","-MKNfl6SdR7h-NBvZ_Jj","internet",5,9
"1295","-MKXOkNDQjknCVeb1YP2","informacion",1,10
"1296","-MKXOkNDQjknCVeb1YP2","analisis",2,10
"1297","-MKXOkNDQjknCVeb1YP2","conocimiento",3,10
"1298","-MKXOkNDQjknCVeb1YP2","investigacion",4,10
"1299","-MKXOkNDQjknCVeb1YP2","tecnologia",5,10
"1300","-MKc18qPjUPSYiUegjSz","mucha informacion",1,5
"1301","-MKc18qPjUPSYiUegjSz","control de datos",2,1
"1302","-MKc18qPjUPSYiUegjSz","manipulaciůn",3,1
"1303","-MKc18qPjUPSYiUegjSz","almacenamiento global",4,8
"1304","-MKc18qPjUPSYiUegjSz","expansiůn",5,8
"1305","-ML7vS4tfqywTm7SVODZ","datos cuantitativos",1,7
"1306","-ML7vS4tfqywTm7SVODZ","anŠlisis",2,5
"1307","-ML7vS4tfqywTm7SVODZ","tecnologŪa",3,3
"1308","-ML7vS4tfqywTm7SVODZ","internet",4,5
"1309","-ML7vS4tfqywTm7SVODZ","privacidad",5,2
"1310","-ML7vS4tfqywTm7SVODZ","ciencias sociales",6,5
"1311","-MLOi-xh9E2OTlK96Wbl","hamburguesa",1,0
"1312","-MLOi-xh9E2OTlK96Wbl","grandote",2,0
"1313","-MLOi-xh9E2OTlK96Wbl","latinejo",3,0
"1314","-MLOi-xh9E2OTlK96Wbl","pedanterŪa",4,0
"1315","-MLOi-xh9E2OTlK96Wbl","soberbia",5,0
"1316","-MLOi-xh9E2OTlK96Wbl","mierda",6,0
"1317","-MLPiOWKMSfxELGJZ-b0","grandes cantidades de datos",1,8
"1318","-MLPiOWKMSfxELGJZ-b0","control",2,7
"1319","-MLPiOWKMSfxELGJZ-b0","gran hermano",3,7
"1320","-MLPiOWKMSfxELGJZ-b0","vida pķblica expuesta",4,8
"1321","-MLPiOWKMSfxELGJZ-b0","inclusiůn",5,7
"1322","-MLQ-7jgiiIl4wcO5Iod","datos",1,10
"1323","-MLQ-7jgiiIl4wcO5Iod","grande",2,10
"1324","-MLQ-7jgiiIl4wcO5Iod","base",3,10
"1325","-MLQ-7jgiiIl4wcO5Iod","muchos",4,10
"1326","-MLQ-7jgiiIl4wcO5Iod","sistema",5,10
"1327","-MLQq2HSuKCBcMaFvvK9","feedback",1,5
"1328","-MLQq2HSuKCBcMaFvvK9","redes",2,7
"1329","-MLQq2HSuKCBcMaFvvK9","postear",3,6
"1330","-MLQq2HSuKCBcMaFvvK9","instagram",4,5
"1331","-MLQq2HSuKCBcMaFvvK9","hastag",5,6
"1332","-MLR-usY5pe5nDXrGI8b","ciencia",1,8
"1333","-MLR-usY5pe5nDXrGI8b","datos",2,7
"1334","-MLR-usY5pe5nDXrGI8b","manipulaciůn",3,1
"1335","-MLR-usY5pe5nDXrGI8b","deciciones",4,7
"1336","-MLR-usY5pe5nDXrGI8b","modelos",5,7
"1337","-MLR7MPhK2XCno_iqlDX","temor",1,2
"1338","-MLR7MPhK2XCno_iqlDX","desconfianza",2,2
"1339","-MLR7MPhK2XCno_iqlDX","preocupaciůn",3,2
"1340","-MLR7MPhK2XCno_iqlDX","desigualdad",4,2
"1341","-MLR7MPhK2XCno_iqlDX","elite",5,3
"1342","-MLSLYhelOqYAdfxsAl1","desconocida",1,5
"1343","-MLSLYhelOqYAdfxsAl1","desconocida",2,5
"1344","-MLSLYhelOqYAdfxsAl1","desconocida",3,5
"1345","-MLSLYhelOqYAdfxsAl1","desconocida",4,5
"1346","-MLSLYhelOqYAdfxsAl1","desconocida",5,5
"1347","-MLSXmD3hmOnyus5Ew4T","manipulaciůn",1,10
"1348","-MLSXmD3hmOnyus5Ew4T","intromisiůn",2,10
"1349","-MLSXmD3hmOnyus5Ew4T","violaciůn a la intimidad",3,7
"1350","-MLSXmD3hmOnyus5Ew4T","informaciůn",4,0
"1351","-MLSXmD3hmOnyus5Ew4T","velocidad",5,0
"1352","-MLXt4an9A8nPM2k32Lk","anŠlisis  de datos",1,9
"1353","-MLXt4an9A8nPM2k32Lk","algoritmo redes sociales",2,2
"1354","-MLXt4an9A8nPM2k32Lk","minerŪa de datos",3,8
"1355","-MLXt4an9A8nPM2k32Lk","data mining",4,8
"1356","-MLXt4an9A8nPM2k32Lk","ingenierŪa de datos",5,8
"1357","-MLbm_HvztjTY5SpqHSb","sobreabundancia de datos",1,5
"1358","-MLbm_HvztjTY5SpqHSb","exceso de informaciůn",2,5
"1359","-MLbm_HvztjTY5SpqHSb","sistemas de algoritmos",3,4
"1360","-MLbm_HvztjTY5SpqHSb","patrones de afinidad",4,5
"1361","-MLbm_HvztjTY5SpqHSb","herramienta para medir comportamientos",5,5
"1362","-MLepYbouoqwmtJNRRbK","internet",1,8
"1363","-MLepYbouoqwmtJNRRbK","google",2,8
"1364","-MLepYbouoqwmtJNRRbK","informacion",3,7
"1365","-MLepYbouoqwmtJNRRbK","conceptos",4,7
"1366","-MLepYbouoqwmtJNRRbK","investigaciůn",5,8
"1367","-MLjoVz5SmA1mjjGUg-4","gran dato",1,5
"1368","-MLjoVz5SmA1mjjGUg-4","una hamburguesa",2,0
"1369","-MLjoVz5SmA1mjjGUg-4","gran noticia",3,0
"1370","-MLjoVz5SmA1mjjGUg-4","muy grande",4,0
"1371","-MLjoVz5SmA1mjjGUg-4","gran sorpresa",5,0
"1372","-MLtIssGbdgViO8EAnsB","datos",1,5
"1373","-MLtIssGbdgViO8EAnsB","acceso",2,5
"1374","-MLtIssGbdgViO8EAnsB","calculo",3,5
"1375","-MLtIssGbdgViO8EAnsB","anŠlisis",4,5
"1376","-MLtIssGbdgViO8EAnsB","conocimiento",5,5
"1377","-MLzJP5OPDMNyjzga20r","conocimiento",1,10
"1378","-MLzJP5OPDMNyjzga20r","investigar",2,10
"1379","-MLzJP5OPDMNyjzga20r","evaluar",3,10
"1380","-MLzJP5OPDMNyjzga20r","invertir",4,10
"1381","-MLzJP5OPDMNyjzga20r","desarrollar",5,10
"1382","-MM1HiQs8bhviZSuYPMN","problemas",1,1
"1383","-MM1HiQs8bhviZSuYPMN","distancia",2,1
"1384","-MM1HiQs8bhviZSuYPMN","des humanizar",3,1
"1385","-MM1HiQs8bhviZSuYPMN","robo",4,0
"1386","-MM1HiQs8bhviZSuYPMN","invasiůn",5,1
"1387","-MM7Yo-7GxNnXZyKcjKf","gran",1,10
"1388","-MM7Yo-7GxNnXZyKcjKf","dato",2,10
"1389","-MM7Yo-7GxNnXZyKcjKf","interťs",3,10
"1390","-MM7Yo-7GxNnXZyKcjKf","informaciůn",4,10
"1391","-MM7Yo-7GxNnXZyKcjKf","importante",5,10
"1392","-MM8FtmWeg3r_BMWcbLr","telenoche",1,10
"1393","-MM8FtmWeg3r_BMWcbLr","somos lo que escribimos",2,10
"1394","-MM8FtmWeg3r_BMWcbLr","es tendencia",3,6
"1395","-MM8FtmWeg3r_BMWcbLr","ejercitos de cientificos",4,1
"1396","-MM8FtmWeg3r_BMWcbLr","que nos interesa",5,8
"1397","-MM8aMK1YZ6AiZ9OfLGm","tecnologia",1,0
"1398","-MM8aMK1YZ6AiZ9OfLGm","informaciůn",2,0
"1399","-MM8aMK1YZ6AiZ9OfLGm","rapidez",3,0
"1400","-MM8aMK1YZ6AiZ9OfLGm","informatica",4,0
"1401","-MM8aMK1YZ6AiZ9OfLGm","amplitud",5,0
"1402","-MMA3M-WS3ySl6CTG1to","ciencia de los datos",1,10
"1403","-MMA3M-WS3ySl6CTG1to","estudio de los datos",2,10
"1404","-MMA3M-WS3ySl6CTG1to","estadisticas de datos",3,10
"1405","-MMA3M-WS3ySl6CTG1to","datos",4,10
"1406","-MMA3M-WS3ySl6CTG1to","evaluacion de los datos",5,10
"1407","-MMBXdmzqVokHX2B9bMM","tecnologŪa",1,5
"1408","-MMBXdmzqVokHX2B9bMM","informaciůn",2,5
"1409","-MMBXdmzqVokHX2B9bMM","gates",3,5
"1410","-MMBXdmzqVokHX2B9bMM","computadora",4,5
"1411","-MMBXdmzqVokHX2B9bMM","digital",5,5
"1412","-MMBqICRyPxt8eTveAcP","gran dato",1,0
"1413","-MMBqICRyPxt8eTveAcP","gran fecha",2,0
"1414","-MMBqICRyPxt8eTveAcP","dato interesante",3,0
"1415","-MMBqICRyPxt8eTveAcP","una fecha importante",4,0
"1416","-MMBqICRyPxt8eTveAcP","un gran cambio",5,0
"1417","-MMCEB6Cs23tAF9gRaT6","estadistica",1,7
"1418","-MMCEB6Cs23tAF9gRaT6","datos",2,8
"1419","-MMCEB6Cs23tAF9gRaT6","base de datos",3,7
"1420","-MMCEB6Cs23tAF9gRaT6","volume",4,6
"1421","-MMCEB6Cs23tAF9gRaT6","insights",5,6
"1422","-MMDbwLyHiqYw7KMtGDW","amigos",1,10
"1423","-MMDbwLyHiqYw7KMtGDW","familia",2,10
"1424","-MMDbwLyHiqYw7KMtGDW","vecinos",3,10
"1425","-MMDbwLyHiqYw7KMtGDW","amor",4,10
"1426","-MMDbwLyHiqYw7KMtGDW","deportes",5,10
"1427","-MO400KVthenDRhPgXKp","manipulaciůn",1,0
"1428","-MO400KVthenDRhPgXKp","negocio",2,0
"1429","-MO400KVthenDRhPgXKp","capitalismo",3,0
"1430","-MO400KVthenDRhPgXKp","fraudulento",4,0
"1431","-MO400KVthenDRhPgXKp","mentiras",5,0
"1432","-MO4YBQ3eH4gNQdBzobR","futuro",1,10
"1433","-MO4YBQ3eH4gNQdBzobR","conocimiento",2,10
"1434","-MO4YBQ3eH4gNQdBzobR","ciencia",3,10
"1435","-MO4YBQ3eH4gNQdBzobR","apertura",4,10
"1436","-MO4YBQ3eH4gNQdBzobR","creatividad",5,10
"1437","-MO4jK-s_-051I7hC8cx","graficos",1,10
"1438","-MO4jK-s_-051I7hC8cx","funciones",2,10
"1439","-MO4jK-s_-051I7hC8cx","matemŠtica",3,10
"1440","-MO4jK-s_-051I7hC8cx","masivo",4,10
"1441","-MO4jK-s_-051I7hC8cx","cuantitativo",5,10
"1442","-MO6D6_ijowDF31o8qqE","machine learning",1,7
"1443","-MO6D6_ijowDF31o8qqE","base de datos",2,9
"1444","-MO6D6_ijowDF31o8qqE","programaciůn",3,8
"1445","-MO6D6_ijowDF31o8qqE","tecnologŪa",4,8
"1446","-MO6D6_ijowDF31o8qqE","data science",5,10
"1447","-MO7WBQZMCJiGkty2kSp","breve",1,5
"1448","-MO7WBQZMCJiGkty2kSp","parco",2,3
"1449","-MO7WBQZMCJiGkty2kSp","pobre",3,3
"1450","-MO7WBQZMCJiGkty2kSp","dudoso",4,2
"1451","-MO7WBQZMCJiGkty2kSp","peligroso",5,3
"1452","-MO7ltqjRlPbC6HIssjp","importante",1,9
"1453","-MO7ltqjRlPbC6HIssjp","infaltable",2,9
"1454","-MO7ltqjRlPbC6HIssjp","imprescindible",3,9
"1455","-MO7ltqjRlPbC6HIssjp","valioso",4,9
"1456","-MO7ltqjRlPbC6HIssjp","respetable",5,9
"1457","-MO7qjKMN7eFXgn7orgV","informacion",1,10
"1458","-MO7qjKMN7eFXgn7orgV","velocidad",2,10
"1459","-MO7qjKMN7eFXgn7orgV","archivos",3,10
"1460","-MO7qjKMN7eFXgn7orgV","comunicacion",4,10
"1461","-MO7qjKMN7eFXgn7orgV","enlaces",5,10
"1462","-MOCKpw1sMrvqTcBTPPN","datos",1,3
"1463","-MOCKpw1sMrvqTcBTPPN","muchos",2,2
"1464","-MOCKpw1sMrvqTcBTPPN","informatica",3,5
"1465","-MOCKpw1sMrvqTcBTPPN","era digital",4,5
"1466","-MOCKpw1sMrvqTcBTPPN","manipulaciůn",5,2
"1467","-MODbnI-5VUOlIsPhFVK","estadŪstica",1,10
"1468","-MODbnI-5VUOlIsPhFVK","redes sociales",2,3
"1469","-MODbnI-5VUOlIsPhFVK","mercado",3,5
"1470","-MODbnI-5VUOlIsPhFVK","sectorizaciůn",4,5
"1471","-MODbnI-5VUOlIsPhFVK","pato donnald",5,5
"1472","-MOFNcNwtvqZoUYI3rtg","integracion",1,0
"1473","-MOFNcNwtvqZoUYI3rtg","confluencia",2,0
"1474","-MOFNcNwtvqZoUYI3rtg","tecnologias",3,0
"1475","-MOFNcNwtvqZoUYI3rtg","valor",4,0
"1476","-MOFNcNwtvqZoUYI3rtg","informaciůn",5,0
"1477","-MOI5QN5ClfIvLo9bBdB","gran",1,10
"1478","-MOI5QN5ClfIvLo9bBdB","conocimiento",2,10
"1479","-MOI5QN5ClfIvLo9bBdB","datos",3,10
"1480","-MOI5QN5ClfIvLo9bBdB","conexiůn",4,10
"1481","-MOI5QN5ClfIvLo9bBdB","democratizaciůn",5,10
"1482","-MOPRrWwutkkwga4-ICU","control",1,3
"1483","-MOPRrWwutkkwga4-ICU","almacenamiento datos",2,2
"1484","-MOPRrWwutkkwga4-ICU","deshumanizacion",3,2
"1485","-MOPRrWwutkkwga4-ICU","mercadotecnia",4,2
"1486","-MOPRrWwutkkwga4-ICU","analisis global",5,2
"1487","-MOQ7IBHLrbgCW4vzd75","grandes cantidades de datos",1,10
"1488","-MOQ7IBHLrbgCW4vzd75","datos estructurados y no estructurados",2,10
"1489","-MOQ7IBHLrbgCW4vzd75","las 4 v",3,10
"1490","-MOQ7IBHLrbgCW4vzd75","predicen",4,10
"1491","-MOQ7IBHLrbgCW4vzd75","brinda informaciůn para ltoma",5,10
"1492","-MOQb5jH5h7g_RjWllOL","gran hermano",1,0
"1493","-MOQb5jH5h7g_RjWllOL","marketing",2,0
"1494","-MOQb5jH5h7g_RjWllOL","gestionar",3,10
"1495","-MOQb5jH5h7g_RjWllOL","desigualdad",4,0
"1496","-MOQb5jH5h7g_RjWllOL","financiarizacion",5,0
"1497","-MOT9rUexFQzWK9vd9JT","gran hermano",1,0
"1498","-MOT9rUexFQzWK9vd9JT","manipulaciůn",2,0
"1499","-MOT9rUexFQzWK9vd9JT","falta de privacidad",3,0
"1500","-MOT9rUexFQzWK9vd9JT","control",4,0
"1501","-MOT9rUexFQzWK9vd9JT","predicciůn",5,5
"1502","-MOX6OY28FHFxWiMn_hN","grande",1,10
"1503","-MOX6OY28FHFxWiMn_hN","datos",2,10
"1504","-MOX6OY28FHFxWiMn_hN","informacion",3,10
"1505","-MOX6OY28FHFxWiMn_hN","pocos",4,1
"1506","-MOX6OY28FHFxWiMn_hN","util",5,10
"1507","-MOXQxsRq-1pFi7ICFDx","grande",1,5
"1508","-MOXQxsRq-1pFi7ICFDx","informaciůn",2,5
"1509","-MOXQxsRq-1pFi7ICFDx","enigma",3,5
"1510","-MOXQxsRq-1pFi7ICFDx","inglťs",4,5
"1511","-MOXQxsRq-1pFi7ICFDx","informŠtica",5,5
"1512","-MOYj-2u1KzgK1Q7WLfR","anŠlisis de grandes masas de datos",1,10
"1513","-MOYj-2u1KzgK1Q7WLfR","necesario para el progreso",2,10
"1514","-MOYj-2u1KzgK1Q7WLfR","escases de cientŪficos de datos",3,3
"1515","-MOYj-2u1KzgK1Q7WLfR","fundamental para el desarrollo de una regiůn, paŪs",4,10
"1516","-MOYj-2u1KzgK1Q7WLfR","fundamental la aplicaciůn de la ia en la educaciůn",5,10
"1517","-MOaYEM7_lQ7HbGHOdC_","datos personales",1,2
"1518","-MOaYEM7_lQ7HbGHOdC_","informaciůn confidencial",2,0
"1519","-MOaYEM7_lQ7HbGHOdC_","estadŪsticas",3,7
"1520","-MOaYEM7_lQ7HbGHOdC_","informaciůn ciudadana",4,7
"1521","-MOaYEM7_lQ7HbGHOdC_","datos abiertos",5,8
"1522","-MObWOh6k39tV0W8DxWe","datos",1,3
"1523","-MObWOh6k39tV0W8DxWe","grandes",2,6
"1524","-MObWOh6k39tV0W8DxWe","control",3,7
"1525","-MObWOh6k39tV0W8DxWe","estadŪstica",4,5
"1526","-MObWOh6k39tV0W8DxWe","cuidado",5,5
"1527","-MOc5qB5gZ187A94FzCQ","inconmensurable",1,10
"1528","-MOc5qB5gZ187A94FzCQ","responsabilidad",2,10
"1529","-MOc5qB5gZ187A94FzCQ","riesgoso",3,0
"1530","-MOc5qB5gZ187A94FzCQ","conocimiento",4,10
"1531","-MOc5qB5gZ187A94FzCQ","conexion",5,10
"1532","-MOcnYyAE-bzFE0uby1r","abundancia de informaciůn",1,8
"1533","-MOcnYyAE-bzFE0uby1r","poca privacidad",2,2
"1534","-MOcnYyAE-bzFE0uby1r","desconfianza",3,2
"1535","-MOcnYyAE-bzFE0uby1r","temor",4,2
"1536","-MOcnYyAE-bzFE0uby1r","reglas poco claras",5,2
"1537","-MOhgrxV2uFhk1tzR7dH","datos",1,5
"1538","-MOhgrxV2uFhk1tzR7dH","cantidad",2,5
"1539","-MOhgrxV2uFhk1tzR7dH","investigaciůn",3,5
"1540","-MOhgrxV2uFhk1tzR7dH","grandes",4,5
"1541","-MOhgrxV2uFhk1tzR7dH","informaciůn",5,5
"1542","-MOmSnMKNiXPGsOaXE4v","gran base de datos",1,8
"1543","-MOmSnMKNiXPGsOaXE4v","demasiadas datos de la ref",2,5
"1544","-MOmSnMKNiXPGsOaXE4v","descontrol / controlado",3,3
"1545","-MOmSnMKNiXPGsOaXE4v","todo estŠ en la web",4,5
"1546","-MOmSnMKNiXPGsOaXE4v","mucho control sobre los contenidos",5,5
"1547","-MOpTDtC6o4nieaHi9dn","analisis",1,8
"1548","-MOpTDtC6o4nieaHi9dn","manipulacion de personas",2,2
"1549","-MOpTDtC6o4nieaHi9dn","centralizaciůn de datos",3,2
"1550","-MOpTDtC6o4nieaHi9dn","inteligencia artificial",4,8
"1551","-MOpTDtC6o4nieaHi9dn","manipulacion de voluntades",5,1
"1552","-MOpjelbj0HdoS5xs_Iy","conocimiento",1,8
"1553","-MOpjelbj0HdoS5xs_Iy","ahorro tiempo",2,9
"1554","-MOpjelbj0HdoS5xs_Iy","maximizar",3,8
"1555","-MOpjelbj0HdoS5xs_Iy","ahorro",4,7
"1556","-MOpjelbj0HdoS5xs_Iy","inteligencia",5,5
"1557","-MOqIiV_TUfUz5jx7IEu","hiperconexiůn",1,5
"1558","-MOqIiV_TUfUz5jx7IEu","virtualizaciůn",2,5
"1559","-MOqIiV_TUfUz5jx7IEu","modelos mentales",3,5
"1560","-MOqIiV_TUfUz5jx7IEu","control",4,5
"1561","-MOqIiV_TUfUz5jx7IEu","recursos",5,5
"1562","-MOvJrusvVV4uLhlidgH","innovacion",1,9
"1563","-MOvJrusvVV4uLhlidgH","oportunidad",2,9
"1564","-MOvJrusvVV4uLhlidgH","privacidad",3,1
"1565","-MOvJrusvVV4uLhlidgH","procesamiento",4,5
"1566","-MOvJrusvVV4uLhlidgH","conocimiento",5,9
"1567","-MOx2s4RPCCi6muf8Oa6","datos",1,5
"1568","-MOx2s4RPCCi6muf8Oa6","vida",2,5
"1569","-MOx2s4RPCCi6muf8Oa6","persona",3,5
"1570","-MOx2s4RPCCi6muf8Oa6","historia",4,5
"1571","-MOx2s4RPCCi6muf8Oa6","historial",5,5
"1572","-MOxAjR19cQYVv8e92I_","informacion",1,10
"1573","-MOxAjR19cQYVv8e92I_","concentaracion",2,10
"1574","-MOxAjR19cQYVv8e92I_","manipulaciůn",3,0
"1575","-MOxAjR19cQYVv8e92I_","targeting",4,10
"1576","-MOxAjR19cQYVv8e92I_","estatadistica",5,10
"1577","-MOyi9eXl9hl3BkETQsV","control",1,0
"1578","-MOyi9eXl9hl3BkETQsV","posesiůn",2,0
"1579","-MOyi9eXl9hl3BkETQsV","inseguridad",3,0
"1580","-MOyi9eXl9hl3BkETQsV","atraso",4,0
"1581","-MOyi9eXl9hl3BkETQsV","gatopardismo",5,0
"1582","-MP1nHo1kV4kVwPY4gwP","espŪa",1,0
"1583","-MP1nHo1kV4kVwPY4gwP","privacidad",2,0
"1584","-MP1nHo1kV4kVwPY4gwP","violento",3,0
"1585","-MP1nHo1kV4kVwPY4gwP","manipulaciůn",4,0
"1586","-MP1nHo1kV4kVwPY4gwP","descolonizaciůn",5,10
"1587","-MP4gH2anX1rrzXAzI5k","info",1,7
"1588","-MP4gH2anX1rrzXAzI5k","mundo",2,7
"1589","-MP4gH2anX1rrzXAzI5k","internet",3,3
"1590","-MP4gH2anX1rrzXAzI5k","fotos",4,7
"1591","-MP4gH2anX1rrzXAzI5k","ciencia",5,8
"1592","-MPm4v8RRhQ9vNcibwPA","base de datos",1,10
"1593","-MPm4v8RRhQ9vNcibwPA","computadora",2,10
"1594","-MPm4v8RRhQ9vNcibwPA","memoria ram",3,10
"1595","-MPm4v8RRhQ9vNcibwPA","placa madre",4,10
"1596","-MPm4v8RRhQ9vNcibwPA","virus",5,10
"1597","-MRWI3eL-7jdzgV1VTY0","informacion",1,8
"1598","-MRWI3eL-7jdzgV1VTY0","datos",2,8
"1599","-MRWI3eL-7jdzgV1VTY0","confusiůn",3,3
"1600","-MRWI3eL-7jdzgV1VTY0","desorden",4,3
"1601","-MRWI3eL-7jdzgV1VTY0","soledad",5,2
"1602","-MRdyLDOe9NYn_V5cEZi","computadoras",1,1
"1603","-MRdyLDOe9NYn_V5cEZi","inteligencia artificial",2,1
"1604","-MRdyLDOe9NYn_V5cEZi","informŠtica",3,1
"1605","-MRdyLDOe9NYn_V5cEZi","memoria",4,0
"1606","-MRdyLDOe9NYn_V5cEZi","gran memoria",5,0
"1607","-MRdyd28LVbYrFrC2Yaf","persecuciůn",1,1
"1608","-MRdyd28LVbYrFrC2Yaf","control",2,1
"1609","-MRdyd28LVbYrFrC2Yaf","acoso",3,2
"1610","-MRdyd28LVbYrFrC2Yaf","fraudes",4,1
"1611","-MRdyd28LVbYrFrC2Yaf","orwell",5,1
"1612","-MRe4V7a_UezuTjSzjTa","inteligencia robotica",1,10
"1613","-MRe4V7a_UezuTjSzjTa","solucionar",2,10
"1614","-MRe4V7a_UezuTjSzjTa","rapidez",3,10
"1615","-MRe4V7a_UezuTjSzjTa","facilidad",4,0
"1616","-MRe4V7a_UezuTjSzjTa","desempleo",5,0
"1617","-MReZBWUKdbBeOLqu7b6","extenso",1,5
"1618","-MReZBWUKdbBeOLqu7b6","datos",2,5
"1619","-MReZBWUKdbBeOLqu7b6","mķltiple",3,5
"1620","-MReZBWUKdbBeOLqu7b6","diverso",4,5
"1621","-MReZBWUKdbBeOLqu7b6","complejo",5,5
"1622","-MRfHxpmfAaTpPCkIWtS","herramientas tecnologica",1,8
"1623","-MRfHxpmfAaTpPCkIWtS","mas datos",2,6
"1624","-MRfHxpmfAaTpPCkIWtS","aplicaciones informaticas",3,8
"1625","-MRfHxpmfAaTpPCkIWtS","datos complejos",4,8
"1626","-MRfHxpmfAaTpPCkIWtS","avances",5,7
"1627","-MRgd5gqT1sPRxuqRvc6","datazo",1,5
"1628","-MRgd5gqT1sPRxuqRvc6","secreto",2,10
"1629","-MRgd5gqT1sPRxuqRvc6","buenas noticias",3,0
"1630","-MRgd5gqT1sPRxuqRvc6","esperanza",4,5
"1631","-MRgd5gqT1sPRxuqRvc6","misterio",5,5
"1632","-MRgd5gqT1sPRxuqRvc6","sorpresa",6,5
"1633","-MRgeoiYLcV9FerREfAu","informaciůn",1,8
"1634","-MRgeoiYLcV9FerREfAu","digital",2,10
"1635","-MRgeoiYLcV9FerREfAu","comunicaciůn",3,10
"1636","-MRgeoiYLcV9FerREfAu","conectados",4,10
"1637","-MRgeoiYLcV9FerREfAu","robotizacion",5,4
"1638","-MRjaXfR_C2Ok75DyXn7","grande",1,5
"1639","-MRjaXfR_C2Ok75DyXn7","datos",2,5
"1640","-MRjaXfR_C2Ok75DyXn7","computaciůn",3,5
"1641","-MRjaXfR_C2Ok75DyXn7","tecnologŪas",4,5
"1642","-MRjaXfR_C2Ok75DyXn7","tics",5,5
"1643","-MRjcLxxcxOLmO3Z6-he","masa",1,3
"1644","-MRjcLxxcxOLmO3Z6-he","manipulacion",2,1
"1645","-MRjcLxxcxOLmO3Z6-he","negocio",3,1
"1646","-MRjcLxxcxOLmO3Z6-he","patrones",4,9
"1647","-MRjcLxxcxOLmO3Z6-he","evoluciůn",5,8
"1648","-MRkEZimIj8bDLw97dNX","datos",1,10
"1649","-MRkEZimIj8bDLw97dNX","informaciůn",2,10
"1650","-MRkEZimIj8bDLw97dNX","algoritmos",3,3
"1651","-MRkEZimIj8bDLw97dNX","tecnologŪa",4,10
"1652","-MRkEZimIj8bDLw97dNX","futuro",5,7
"1653","-MRk_WYHDnv0muqmM4Iw","python",1,5
"1654","-MRk_WYHDnv0muqmM4Iw","datos",2,5
"1655","-MRk_WYHDnv0muqmM4Iw","volumen",3,5
"1656","-MRk_WYHDnv0muqmM4Iw","informacion",4,5
"1657","-MRk_WYHDnv0muqmM4Iw","internet",5,7
"1658","-MRl7ZU2McMY5Aqd-B8t","manipulaciůn",1,0
"1659","-MRl7ZU2McMY5Aqd-B8t","control",2,0
"1660","-MRl7ZU2McMY5Aqd-B8t","polŪtica",3,0
"1661","-MRl7ZU2McMY5Aqd-B8t","marketing",4,3
"1662","-MRl7ZU2McMY5Aqd-B8t","corporaciones",5,0
"1663","-MRltII4CTK3lHMz6xVa","bi",1,9
"1664","-MRltII4CTK3lHMz6xVa","ciencia de datos",2,9
"1665","-MRltII4CTK3lHMz6xVa","power bi",3,9
"1666","-MRltII4CTK3lHMz6xVa","lenguaje r",4,8
"1667","-MRltII4CTK3lHMz6xVa","python",5,9
"1668","-MRmezoM_UQZ_O8MDjs9","datos",1,8
"1669","-MRmezoM_UQZ_O8MDjs9","informaciůn",2,3
"1670","-MRmezoM_UQZ_O8MDjs9","estadistica",3,5
"1671","-MRmezoM_UQZ_O8MDjs9","espionaje",4,2
"1672","-MRmezoM_UQZ_O8MDjs9","cambio",5,4
"1673","-MRpz6fn8rwxj_RkhQTF","informacion",1,5
"1674","-MRpz6fn8rwxj_RkhQTF","tecnologŪa",2,5
"1675","-MRpz6fn8rwxj_RkhQTF","datos",3,5
"1676","-MRpz6fn8rwxj_RkhQTF","estadistica",4,5
"1677","-MRpz6fn8rwxj_RkhQTF","social",5,5
"1678","-MRpz9msSJN1PP6KD9cd","libres",1,8
"1679","-MRpz9msSJN1PP6KD9cd","abiertos",2,8
"1680","-MRpz9msSJN1PP6KD9cd","compartidos",3,8
"1681","-MRpz9msSJN1PP6KD9cd","resultados",4,8
"1682","-MRpz9msSJN1PP6KD9cd","gestiůn",5,9
"1683","-MRqm4K1OHsJ8cTf7Lnx","computadora",1,5
"1684","-MRqm4K1OHsJ8cTf7Lnx","memoria",2,5
"1685","-MRqm4K1OHsJ8cTf7Lnx","datos",3,5
"1686","-MRqm4K1OHsJ8cTf7Lnx","carga",4,5
"1687","-MRqm4K1OHsJ8cTf7Lnx","tecnologia",5,5
"1688","-MRtrH93JCyqS_OdgvhK","primicia",1,10
"1689","-MRtrH93JCyqS_OdgvhK","novedad",2,10
"1690","-MRtrH93JCyqS_OdgvhK","increible",3,0
"1691","-MRtrH93JCyqS_OdgvhK","en contexto politico una fraude",4,0
"1692","-MRtrH93JCyqS_OdgvhK","en contexto familiar alegria",5,10
"1693","-MS0bf_J5MixL6cTfXTc","datos",1,10
"1694","-MS0bf_J5MixL6cTfXTc","muchos",2,8
"1695","-MS0bf_J5MixL6cTfXTc","anŠlisis",3,10
"1696","-MS0bf_J5MixL6cTfXTc","computaciůn",4,10
"1697","-MS0bf_J5MixL6cTfXTc","estadŪstica",5,10
"1698","-MS3vCvqTHVaVeJwTFoG","miedo",1,10
"1699","-MS3vCvqTHVaVeJwTFoG","control",2,10
"1700","-MS3vCvqTHVaVeJwTFoG","indefeccion",3,10
"1701","-MS3vCvqTHVaVeJwTFoG","impotencia",4,10
"1702","-MS3vCvqTHVaVeJwTFoG","odio",5,10
"1703","-MS4IhJXtxWGTAoGZkUI","datos",1,10
"1704","-MS4IhJXtxWGTAoGZkUI","manipulaciůn",2,0
"1705","-MS4IhJXtxWGTAoGZkUI","informaciůn",3,10
"1706","-MS4IhJXtxWGTAoGZkUI","proyecciůn",4,10
"1707","-MS4IhJXtxWGTAoGZkUI","segmentaciůn",5,0
