"","lemma","f","v"
"1","0-1-2",1,5
"2","1984",1,0
"3","aa",1,5
"4","abarcar_todo",1,3
"5","abarcativo",1,10
"6","abierto",2,9
"7","abrir_camino",1,0
"8","abstraccion",1,5
"9","abundancia_informacion",1,8
"10","abundante",1,10
"11","abusar",1,4
"12","academia",1,8
"13","academico",2,1
"14","accede_ahora",1,5
"15","accesibilidad",5,7.4
"16","accesible",1,10
"17","acceso",8,5.5
"18","acceso_el_informacion",1,8
"19","acceso_informacion",1,8
"20","acceso_informacion_sensible",1,2
"21","acceso_social_el_tecnologia",1,8
"22","accion",3,4.66666666666667
"23","accionable",1,9
"24","accionar",1,10
"25","aceptacion",1,8
"26","acoso",1,2
"27","acoso_mediatico",1,0
"28","acotado",1,5
"29","actividad",2,7
"30","actualidad",2,5.5
"31","actualizacion",1,10
"32","acumulacion",2,4.5
"33","acumulacion_capital",1,0
"34","adaptacion",1,10
"35","adelanto",1,9
"36","administracion",1,10
"37","adquirir",2,10
"38","agenda",1,6
"39","agilidad_el_distancia",1,9
"40","agradecido",1,5
"41","ahorro",1,7
"42","ahorro_tiempo",2,7
"43","aislamiento",1,9
"44","aislamiento_social",1,4
"45","aldea_global",1,2
"46","alegre",1,5
"47","alexa",1,3
"48","alfabetizacion",1,9
"49","algebrar",1,8
"50","algo_grande",1,8
"51","algo_no_producido_directamente_el_hombre",1,3
"52","algo_superior",1,10
"53","algoriter",1,3
"54","algoritmo",19,6.63157894736842
"55","algoritmo_red_social",1,2
"56","aliado_cientifico",1,5
"57","almacenado",1,8
"58","almacenaje",1,5
"59","almacenamiento",10,7.3
"60","almacenamiento_dato",3,7.33333333333333
"61","almacenamiento_global",1,8
"62","alternativa",2,7
"63","altgorismo",1,0
"64","alto_volumen",1,5
"65","ambicion",1,5
"66","amenazar",1,2
"67","amigo",1,10
"68","amor",2,10
"69","ampliar",1,7
"70","amplio",1,8
"71","amplitud",4,5.75
"72","amplitud_uso",1,10
"73","analisis",46,8.3695652173913
"74","analisis_dato",6,9.16666666666667
"75","analisis_el_informacion",1,7
"76","analisis_estadistico",1,10
"77","analisis_fuente",1,5
"78","analisis_global",1,2
"79","analisis_grande_maso_dato",1,10
"80","analisis_mercado/consumidor",1,10
"81","analitica",1,8
"82","analitico",1,5
"83","analogico",1,8
"84","android",1,6
"85","androide",1,5
"86","animado",1,8
"87","ano",1,8
"88","anticomunismo",1,0
"89","aparato",1,5
"90","apertura",4,9.25
"91","aplicacion",3,5.33333333333333
"92","aplicacion_energia_nuclear",1,8
"93","aplicacion_informatico",1,8
"94","aplicacion_inteligente_predictora",1,10
"95","apocalipsis",2,0
"96","applir",2,9
"97","apps",1,5
"98","aprehender",1,10
"99","aprender",8,8.5
"100","aprendizaje",26,8.5
"101","aprendizaje_automatico",2,9.5
"102","aprendizaje_el_comportamiento",1,5
"103","aprendizaje_el_maquina",1,8
"104","aprendizaje_significativo",1,5
"105","archivo",6,8.16666666666667
"106","archivo_pesado",1,6
"107","arma",1,0
"108","arma_perfil_riguroso",1,5
"109","armado",1,0
"110","arte",1,5
"111","artefacto_inteligente",1,9
"112","artificial",2,0.5
"113","asbtraccion",1,7
"114","ascenso",1,5
"115","asfalto",1,10
"116","asimetria",1,4
"117","asistencia",1,10
"118","asistente",1,5
"119","asistente_google",1,8
"120","asociacion",1,8
"121","aspiracional",1,3
"122","atajo",1,8
"123","atraso",1,0
"124","aumento_el_control",1,3
"125","aumento_el_exclusion_social",1,2
"126","ausencia_intimidad",1,0
"127","auto_independiente",1,7
"128","autoaprendizaje",1,5
"129","autodeterminacion",1,6
"130","automata",1,8
"131","automatico",3,9
"132","automatismo",1,9
"133","automatizacion",20,6.95
"134","automatizacion_el_industria",1,2
"135","automatizacion_tarea",1,8
"136","automatizado",1,1
"137","autonomia",1,10
"138","autonomia_computacional",1,5
"139","autonomo",2,1.5
"140","autosuficiencia",1,3
"141","avance",30,8.06666666666667
"142","avance_cientifico",1,10
"143","avance_tecnologico",6,8.16666666666667
"144","avance_y_conocimiento",1,10
"145","avances",13,8.69230769230769
"146","avanzar",2,7.5
"147","avismo",1,0
"148","aviso",2,5.5
"149","ayuda",11,8.63636363636364
"150","ayuda_el_humano",1,9
"151","ayuda_potencial_el_productividad",1,5
"152","ayuda_social_medicina_research",1,8
"153","ayudante",1,10
"154","bajo_costo_investigacion",1,10
"155","banco",1,3
"156","banco_dato",2,6.5
"157","banco_dato_donde_acceder_el/la_investigador/o",1,10
"158","base",2,5
"159","base_dato",22,7
"160","base_dato_mucho_grande",1,8
"161","beneficio",1,9
"162","bi",1,9
"163","biblioteca",1,10
"164","bien_personal",1,5
"165","bife_el_criolla",1,10
"166","big_datar",21,5.95238095238095
"167","big_mac",1,7
"168","bigdata",2,10
"169","binario",1,3
"170","bioinformatica",1,10
"171","biologia",1,8
"172","biotecnologia",1,6
"173","black_mirror",1,9
"174","blanco",1,5
"175","blog_dato",1,5
"176","bolud",1,5
"177","bot",1,7
"178","brecha",1,3
"179","brecha_digital",2,1.5
"180","breve",1,5
"181","brillo",1,3
"182","brinda_informacion_ltomar",1,10
"183","buen_informacion",1,10
"184","buen_noticia",1,0
"185","burbuja_interno",1,1
"186","buscador",1,10
"187","buscador_inteligente",1,7
"188","busqueda",5,7.4
"189","cadena",1,5
"190","calculo",2,5
"191","calidad",2,5
"192","calidad_vida",2,9
"193","camara_seguridad",1,9
"194","cambio",7,5.57142857142857
"195","cambio_el_trabajo",1,5
"196","cambridgir",1,2
"197","camdbridgir_analityc",1,0
"198","camino",1,8
"199","campana_macri",1,0
"200","campana_politico",1,0
"201","canal",1,9
"202","cantidad",8,5.875
"203","capacidad",3,8.33333333333333
"204","capacidad_analizar_y_relacionar",1,10
"205","capacidad_especifico",1,10
"206","capacidad_velocidad",1,10
"207","capacitacion",2,8
"208","capaz",1,10
"209","capital_humano",1,9
"210","capitalismo",4,3.5
"211","captacion",1,5
"212","carencia_empatia",1,1
"213","carga",1,5
"214","carino",1,5
"215","carrera",1,10
"216","casa_autoregulable",1,8
"217","casino",1,5
"218","categorizacion",1,5
"219","categorizacion_social_erroneo_gris",1,1
"220","causalidad",1,5
"221","celular",7,6.71428571428571
"222","celular_whatsapp",1,3
"223","centralizacion_dato",1,2
"224","centralizacion_el_dato",1,2
"225","cerebro",6,7
"226","cerrazon",1,1
"227","certidumbre",1,4
"228","chamuyo",1,1
"229","char_ted",1,8
"230","chimento",1,10
"231","china",2,1.5
"232","chip",3,2.66666666666667
"233","cibercrimar",1,2
"234","ciberespacio",1,10
"235","ciberhumanidad",1,0
"236","cibernetica",4,5
"237","ciencia",34,8.11764705882353
"238","ciencia_ciudadano",1,10
"239","ciencia_dato",2,9.5
"240","ciencia_el_computacion",1,5
"241","ciencia_el_dato",1,10
"242","ciencia_el_informacion",1,10
"243","ciencia_ficcion",2,10
"244","ciencia_social",1,5
"245","cientifico",3,8.33333333333333
"246","cimiento_neuronal",1,10
"247","circuito",2,6.5
"248","clase",1,10
"249","clase_virtual",1,3
"250","clasificacion",4,5.75
"251","clonacion",1,3
"252","codigo",1,9
"253","coeficiente",1,5
"254","cognitivismo",1,10
"255","cognitivo",1,10
"256","colaboracion",1,5
"257","comercial",1,9
"258","comercializacion",1,4
"259","comercializacion_web",1,8
"260","comercio",1,7
"261","comercio_dato",1,5
"262","comodidad",9,7.77777777777778
"263","compania",1,3
"264","comparacion",1,10
"265","comparticion_informacion",1,10
"266","compartido",1,8
"267","compartir",3,6.66666666666667
"268","compasion",1,7
"269","competencia",2,1.5
"270","competitividad",1,4
"271","compilacion",1,0
"272","compilar_informacion",1,5
"273","complejidad",7,4.71428571428571
"274","complejo",5,4.4
"275","completo",1,10
"276","complicado",1,3
"277","comportamiento",1,5
"278","comprension",2,9.5
"279","computacion",19,7.63157894736842
"280","computador",1,10
"281","computadora",40,6.4
"282","computadorizado",1,9
"283","computo",1,7
"284","comunicacion",19,7.15789473684211
"285","comunicacior",1,10
"286","comunidad",3,2.33333333333333
"287","concentaracion",1,10
"288","concentracion",2,5
"289","concentracion_capital",1,10
"290","concentracion_poder",1,0
"291","concepto",1,7
"292","conciencia",3,9.66666666666667
"293","condicion_humano",1,8
"294","conducta",1,6
"295","conectado",2,9
"296","conectividad",6,7.33333333333333
"297","conexion",9,8.55555555555556
"298","conexion_infinita",1,9
"299","confesion",1,2
"300","confiable",2,7.5
"301","confluencia",1,0
"302","confort",2,5
"303","confusion",1,3
"304","conglomerado_dato",2,5
"305","conjunto",2,6.5
"306","conmover",1,10
"307","conocer",2,8
"308","conocimiento",32,9.25
"309","conocimiento_practico",1,5
"310","conplejidad",1,8
"311","consideracion",1,7
"312","construccion",6,9.33333333333333
"313","construccior",1,10
"314","construir",2,6
"315","consumidor",2,8.5
"316","consumidored",1,10
"317","consumismo",1,5
"318","consumo",4,4.5
"319","contabilidad",1,10
"320","contaminacion",5,0.4
"321","contemporaneo",1,7
"322","contenido",2,5
"323","contentar",1,5
"324","conteo",1,5
"325","contexto",4,8
"326","contexto_familiar_alegria",1,10
"327","contexto_politico_uno_fraude",1,0
"328","contradiccion",1,1
"329","control",63,2.93650793650794
"330","control_centralizado",1,2
"331","control_dato",1,1
"332","control_flujo_informativo",1,2
"333","control_negativo",1,0
"334","control_poblacion",1,1
"335","control_social",2,0
"336","convivencia",1,3
"337","cooperatividad_el_recoleccion_informacion",1,10
"338","corporacion",4,2
"339","correo_spams",1,0
"340","corrupcion",2,0.5
"341","corruptible",1,3
"342","costo",1,4
"343","costoso",1,1
"344","creacion",2,6
"345","creado",1,5
"346","crear",1,10
"347","creatividad",5,9.2
"348","crecimiento",5,9.6
"349","crecimiento_economico",1,9
"350","crecimiento_y_desarrollo_social",1,10
"351","criterio",1,10
"352","cruce_dato",1,8
"353","cuantificacion",1,5
"354","cuantitativo",2,7
"355","cuerpo",1,9
"356","cuerpo_robotico",1,5
"357","cuidado",2,7
"358","cultivar",1,7
"359","culto",1,10
"360","cultura",5,4.4
"361","cultura_digital",1,10
"362","curiosidad",2,8.5
"363","curso",1,8
"364","customizacion",1,8
"365","da_libertad",1,0
"366","datar",1,8
"367","datar_analytic",1,10
"368","datar_entry",1,5
"369","datar_grande",1,10
"370","datar_mining",2,9
"371","datar_sciencer",1,10
"372","dataset",1,8
"373","dataso",1,10
"374","datazo",1,5
"375","dato",103,7.29126213592233
"376","dato_abierto",1,8
"377","dato_complejo",1,8
"378","dato_cuantitativo",1,7
"379","dato_duro",1,5
"380","dato_el_dato",1,10
"381","dato_enorme",1,10
"382","dato_estructurado",1,5
"383","dato_estructurado_y_no_estructurado",1,10
"384","dato_gran_envergadura",1,5
"385","dato_grande",2,7.5
"386","dato_importante",1,5
"387","dato_interesante",1,0
"388","dato_personal",8,3
"389","dato_recopilado",1,3
"390","dato_virtual",1,8
"391","dato_volatil",1,3
"392","decadencia",1,2
"393","decicion",1,7
"394","decision",7,7.57142857142857
"395","decision_base_informacion",1,10
"396","dedicacion",1,10
"397","dedtinatario",1,2
"398","deduccion",1,8
"399","delfo",2,9
"400","delito_politico",1,8
"401","demanda_epocal",1,8
"402","demasiado",1,2
"403","demasiado_dato_el_ref",1,5
"404","democratizacion",2,8
"405","democratizacion_el_conocimiento",1,10
"406","demografia",1,1
"407","dependencia",3,2.66666666666667
"408","deporte",1,10
"409","derecho",1,5
"410","derecho_humano",1,10
"411","derecho_humano_4ta_generacion",1,10
"412","desafio",4,7
"413","desafio_el_humanidad",1,7
"414","desamor",1,10
"415","desarrollar",1,10
"416","desarrollo",13,9
"417","desarrollo_cientifico",2,8
"418","desarrollo_intelectual",1,8
"419","desarrollo_tecnologico",1,10
"420","desastre",1,5
"421","desbordar",1,2
"422","descanso",1,8
"423","descifrar",1,8
"424","descolonizacion",1,10
"425","desconectado",1,0
"426","desconfianzar",3,1.33333333333333
"427","desconocido",5,5
"428","desconocimiento",2,2.5
"429","descontrol_controlar",1,3
"430","descubrimiento",4,7
"431","descubrir",2,9.5
"432","desempleo",14,0.714285714285714
"433","deshumanizacion",6,2.33333333333333
"434","deshumanizacion_el_actividad_social",1,2
"435","deshumanizacion_servicio",1,0
"436","deshumanizar",1,2
"437","desigualdad",5,2
"438","desigualdad_acceso",1,0
"439","desinformacion",3,0.333333333333333
"440","desnaturalizar_el_mundo",1,0
"441","desorden",2,2
"442","despersonalilzacion",1,0
"443","despersonalizacion",1,0
"444","despido",1,1
"445","desplazamiento_el_ser_humano",1,0
"446","destino_inteligente",1,8
"447","destruccion",1,5
"448","diagnostico_social",1,10
"449","dificil",5,2.6
"450","dificil_entender",1,5
"451","dificultad",2,7
"452","dificultar",1,2
"453","difusion",1,2
"454","digital",6,7.66666666666667
"455","digitalidad",1,10
"456","digitalizacion",2,7.5
"457","dimension",1,8
"458","dinamico",1,10
"459","dinero",3,4.33333333333333
"460","dio_el_internet",1,3
"461","discapacidad",1,9
"462","disciplina",1,10
"463","diseno",1,1
"464","disfrutir",2,10
"465","disminucion_el_creatividad",1,1
"466","disparidad",1,2
"467","disponibilidad",1,9
"468","dispositivo",5,5
"469","dispositivo_comunicacion",1,6
"470","dispositivo_inteligente",1,8
"471","distancia",2,5
"472","distanciamiento",1,3
"473","distopia",1,0
"474","diverso",2,7.5
"475","divertir",1,10
"476","division_mente-cuerpo",1,1
"477","doctorado",1,10
"478","documento",1,0
"479","dominacion",2,1
"480","dominancia",1,2
"481","dominar_el_hombre",1,0
"482","dominio",3,3.66666666666667
"483","dominio_privacidad",1,2
"484","drako",1,10
"485","dron",1,9
"486","dudoso",1,2
"487","duro",1,0
"488","e_commercer",1,7
"489","economia",2,10
"490","ecosistema",1,5
"491","educacion",16,8.4375
"492","educacion_distancia",1,10
"493","eer_uu",1,0
"494","efectividad",2,9
"495","eficacia",4,7.5
"496","eficaz",1,10
"497","eficiencia",7,9.42857142857143
"498","ejercito_cientifico",1,1
"499","el_4_v",1,10
"500","el_abrir_nuevo_horizonte",1,10
"501","el_gato_y_el_caja",1,10
"502","el_gran_dato",1,0
"503","el_privacidad_el_dato_y_problema",1,7
"504","eleccion",2,3
"505","eleccion_dudoso",1,5
"506","electricidad",1,7
"507","electrodomestico",1,5
"508","electronico",2,6
"509","elegir",1,10
"510","elite",1,3
"511","elitista",2,0
"512","email",1,10
"513","emocion",3,7
"514","empresa",5,6.4
"515","empresa_comprar_dato",1,0
"516","empresar",1,3
"517","empresario",1,3
"518","enciclopedia",1,10
"519","enciclopedismo",1,3
"520","encubierto",1,0
"521","encuentro",1,10
"522","encuesta",1,0
"523","encuestar",4,8.75
"524","energia_solar",1,0
"525","energiar",1,5
"526","enfoque",1,5
"527","engano",2,5.5
"528","englobo",1,10
"529","enigmar",1,5
"530","enlace",1,10
"531","ensenaje",1,10
"532","ensenanza",3,8.33333333333333
"533","ensenar",1,10
"534","entender",2,9.5
"535","entendimiento",1,5
"536","entramado",1,7
"537","entusiasmado",1,5
"538","epistemer",1,10
"539","epistemologia",1,5
"540","equidad_conocimiento",1,5
"541","equipo_trabajo",1,8
"542","error",1,10
"543","erudito",1,5
"544","escala",1,3
"545","escalabilidad",1,9
"546","escalar",1,5
"547","escase_cientifico_dato",1,3
"548","esclavitud",1,0
"549","esclavizacion",1,2
"550","escrito",3,5
"551","escritura",1,10
"552","escuchar",1,5
"553","escuela",1,10
"554","esfuerzo",2,6
"555","espacio-tiempo",1,8
"556","especialista",1,8
"557","especulacion",1,1
"558","esperanza",1,5
"559","espia",1,0
"560","espionaje",10,2
"561","estadistica",9,7.66666666666667
"562","estadistico",42,7.40476190476191
"563","estadistico_dato",1,10
"564","estado",1,2
"565","estar",1,5
"566","estatadistica",1,10
"567","estereotipo",1,1
"568","estimacion",1,10
"569","estrategia",3,8.33333333333333
"570","estructura",1,5
"571","estructuracion",1,8
"572","estsdo",1,9
"573","estudiante",2,2.5
"574","estudiar",3,9.66666666666667
"575","estudio",26,8.11538461538461
"576","estudio_el_dato",1,10
"577","estudio_el_informacion",1,10
"578","eternidad",1,5
"579","etica",2,7
"580","eurocentrismo",1,0
"581","evaluacion",1,7
"582","evaluacion_el_dato",1,10
"583","evaluar",1,10
"584","evitable_cualquiera_caso",1,1
"585","evolucion",12,8
"586","evolucion_el_medio_informacion",1,6
"587","excel",2,7.5
"588","excesivo",1,5
"589","exceso_informacion",2,3.5
"590","exclusion",1,10
"591","exito",2,5.5
"592","exoeriencia",1,0
"593","exoesqueleto",1,9
"594","expansion",1,8
"595","experiencia",7,9.42857142857143
"596","experimentacion",1,10
"597","experimentar",1,10
"598","experimento",2,8
"599","exploracion",2,9
"600","explorar",1,5
"601","explotacion",1,10
"602","exposicion",2,3.5
"603","extenso",1,5
"604","extraccion",1,10
"605","extraccion_dato_consentimiento",1,0
"606","extraccion_otro_dato",1,10
"607","extremo",1,6
"608","facebook",7,2.57142857142857
"609","facilidad",4,5.5
"610","facilitar",2,4
"611","falsa_expectativo",1,2
"612","falso",1,1
"613","falso_noticia",1,0
"614","falta_educacion_el_tema",1,3
"615","falta_estandar",1,2
"616","falta_intimidad",1,3
"617","falta_privacidad",5,0.4
"618","familia",1,10
"619","feedback",1,5
"620","feliz",1,5
"621","fiabilidad",1,10
"622","ficcion",1,5
"623","ficho",1,5
"624","filtracion",1,0
"625","financiarizacion",1,0
"626","finanzas",1,9
"627","firma_digital",1,8
"628","fisica_cuantico",1,10
"629","fisico",1,8
"630","flujo",3,8
"631","flujo_dato",1,5
"632","formacion",4,8.25
"633","formula",1,8
"634","fortalecer",1,10
"635","fortaleza",1,10
"636","foto",1,7
"637","fraud",1,1
"638","fraudulento",1,0
"639","freaks",1,2
"640","frialdad",2,3
"641","frialdad_deshumanizacion",1,0
"642","frustracion",1,5
"643","fuente",1,3
"644","funcion",1,10
"645","funcionalidad",2,9.5
"646","funcionamiento_el_cerebro",1,9
"647","fundamental_el_aplicacion_el_ia_el_educacion",1,10
"648","fundamental_el_desarrollo_uno_region_pais",1,10
"649","futuro",56,7.67857142857143
"650","futuro_cercano",1,7
"651","futuro_inmediato",1,6
"652","futuro_o_autodestruccion_humano",1,5
"653","gana",1,8
"654","ganancia",1,2
"655","gate",1,5
"656","gato",1,0
"657","gatopardismo",1,0
"658","generacion_perezoso",1,0
"659","generacional",1,3
"660","general",1,0
"661","generalizacion_exesiv",1,0
"662","generar_informacion",1,10
"663","generosidad",1,10
"664","genetico_y_patente_monsanto",1,0
"665","genitalidad",1,7
"666","gestion",4,7.5
"667","gestion_dato",1,8
"668","gestion_el_informacion",1,9
"669","gestionar",1,10
"670","getcontext",1,10
"671","global",6,8.16666666666667
"672","globalidad",1,8
"673","globalizacion",6,4.66666666666667
"674","gobierno",4,2
"675","google",4,5
"676","google_homir",1,9
"677","grabder",1,10
"678","grafico",6,8.66666666666667
"679","gran",5,7.4
"680","gran_alcance",1,10
"681","gran_archivo",1,0
"682","gran_base_dato",2,6
"683","gran_cantidad",2,7.5
"684","gran_cantidad_contenido",1,10
"685","gran_cantidad_dato",2,9
"686","gran_conocimiento",1,10
"687","gran_datar",2,7
"688","gran_dato",5,4
"689","gran_espacio",1,5
"690","gran_fecha",1,0
"691","gran_hermano",4,1.75
"692","gran_informacion",3,4
"693","gran_informacion_guardar",1,5
"694","gran_manejo_dato",1,10
"695","gran_memoria",1,0
"696","gran_noticia",1,0
"697","gran_red_dato",1,5
"698","gran_sorpresa",1,0
"699","gran_volumen_dato",1,10
"700","grande",23,7.56521739130435
"701","grande_archivo",1,2
"702","grande_base_dato",1,9
"703","grande_cantidad_bit",1,9
"704","grande_cantidad_dato",2,9
"705","grande_dato",7,6.14285714285714
"706","grande_fecha",1,10
"707","grande_volumen_dato",1,10
"708","grandote",1,0
"709","gratis",1,10
"710","guerra",1,0
"711","guerra_psicopolitico",1,0
"712","gusto",3,5.66666666666667
"713","habea_datar",1,10
"714","habilidad",2,10
"715","habilidad_digital",1,10
"716","habilidad_tecnologico",1,10
"717","habito",2,4.5
"718","habito_el_persona",1,10
"719","hacer",1,5
"720","hackeo_dato",1,10
"721","hacker",2,5
"722","hackers",1,1
"723","hamburguesa",1,0
"724","hardware",2,7
"725","hardware_inteligente",1,5
"726","hastag",1,6
"727","hegemonia",1,0
"728","herramienta",3,9
"729","herramienta_edicion_digital",1,10
"730","herramienta_eficaz",1,5
"731","herramienta_el_vida_cotidiano",1,10
"732","herramienta_intelectual",1,10
"733","herramienta_tecnologico",1,8
"734","herramientar",8,7.25
"735","herramientar_medir_comportamiento",1,5
"736","hijo",1,10
"737","hiperconexion",1,5
"738","hipermediacion",1,5
"739","hipotesis",2,8.5
"740","historia",2,7.5
"741","historial",1,5
"742","holograma",1,5
"743","hombre",1,5
"744","hombre_maquino",1,0
"745","homogeneizar_poblacion",1,0
"746","homovidens",1,7
"747","hora",1,5
"748","humanidad",5,5.8
"749","humanizar",1,1
"750","humano",3,7
"751","humo",1,0
"752","ia",2,9
"753","ia_el_servicio_el_detentor_poder",1,1
"754","idea",8,8.375
"755","ignorancia",5,1.6
"756","iluminatu_manipulacion_contenido",1,0
"757","imaginacion",4,5.5
"758","imformatica",1,9
"759","imitacion",1,2
"760","impacto",1,5
"761","implante",1,8
"762","implementacion_proceso",1,5
"763","importante",7,8.71428571428571
"764","imposicion",1,0
"765","impotencia",1,10
"766","imprescindible",1,9
"767","inacabado",1,9
"768","incertidumbre",6,4.33333333333333
"769","inclusion",4,4.25
"770","incognita",1,7
"771","incomprensible",1,2
"772","inconmensurable",1,10
"773","inconmesurable",1,0
"774","incorporacion",1,10
"775","increible",1,0
"776","incremental",1,8
"777","indefeccion",1,10
"778","independencia",2,8.5
"779","independencia_decision",1,7
"780","independiente",2,8
"781","indexacion",1,5
"782","indicador",1,10
"783","individualismo",2,0.5
"784","industria",1,0
"785","ineres",1,5
"786","inevitable",1,5
"787","infaltable",1,9
"788","infierno",1,0
"789","infinito",2,6.5
"790","influencia",1,9
"791","influir",1,0
"792","info",1,7
"793","infografiar",1,9
"794","infomacion",1,10
"795","informaciom",1,8
"796","informacion",182,7.43956043956044
"797","informacion_ciudadano",1,7
"798","informacion_codificado",1,5
"799","informacion_confidencial",1,0
"800","informacion_el_grande",1,9
"801","informacion_importante",2,5
"802","informacion_personal",1,5
"803","informacion_publico",1,5
"804","informacion_virtual",2,7.5
"805","informar",1,10
"806","informatica",30,6.76666666666667
"807","informatica_fisico",1,0
"808","informatico",1,10
"809","informativo",1,10
"810","informatizar",1,9
"811","ingenieria",2,8
"812","ingenieria_dato",1,8
"813","ingenieria_electronico",1,7
"814","ingenieriar",3,7
"815","ingenieriar_sistema",1,5
"816","ingeniero",1,10
"817","ingenio",2,6.5
"818","ingenioso",2,7
"819","ingles",2,7.5
"820","inhumano",1,0
"821","inmediatez",1,7
"822","inmediato",1,8
"823","inmoralidad",1,4
"824","innovacion",20,8.75
"825","innovador",2,8.5
"826","innovar",1,10
"827","inseguridad",2,1.5
"828","inseguro",1,3
"829","insight",2,8
"830","instantanea",1,8
"831","instanteneidad",1,7
"832","instruir",1,10
"833","integracion",1,0
"834","integral",1,9
"835","intelecto",1,9
"836","intelgiencia",1,10
"837","inteligencia",16,8
"838","inteligencia_artificial",10,7.2
"839","inteligencia_robotico",1,10
"840","interaccion",2,10
"841","interactividad",1,7
"842","intercambio",2,9
"843","interconexion",1,10
"844","interdisciplinar",1,8
"845","interes",6,5.5
"846","interesante",5,7.4
"847","internet",48,7.9375
"848","internet-tecnologia",1,7
"849","internet_el_cosa",3,9.33333333333333
"850","interpretacion",2,8
"851","interrelacion_dato",1,10
"852","interrogacion",1,8
"853","intimidad",4,1.25
"854","intromision",2,6
"855","intrusion_el_privacidad",1,0
"856","intuicion",2,8
"857","invasion",3,0.666666666666667
"858","invasion_el_privacidad",1,0
"859","invasivo",2,5
"860","inversion",1,10
"861","invertir",1,10
"862","investigacion",38,8.36842105263158
"863","investigacion_informatico",1,10
"864","investigar",3,9
"865","invisible",1,10
"866","irrealidad",1,1
"867","issac_asimov",1,5
"868","joven",2,7
"869","juego_mesa",1,10
"870","know_how",1,10
"871","laboratorio",1,10
"872","lamparita",3,5
"873","largo_estructura_red",1,6
"874","latinejo",1,0
"875","leal",1,10
"876","lectura",7,9.28571428571429
"877","leer",2,9.5
"878","lenguaje_natural",1,10
"879","lenguaje_proposicional",1,7
"880","lenguaje_r",2,9
"881","letrado",1,5
"882","libertad",7,7.42857142857143
"883","libre",2,9
"884","libre_acceso",1,8
"885","libre_albedrio",1,8
"886","libro",9,9
"887","limitacion_respuesta",1,3
"888","limite_etico",1,5
"889","limitir",1,0
"890","line",1,8
"891","llamar_atencion",1,0
"892","logaritmo",3,6.66666666666667
"893","logica",1,5
"894","lugar_comun",1,2
"895","machin_learning",1,8
"896","machine_learning",5,8.6
"897","machine_lerning",1,5
"898","macrodato",3,4.33333333333333
"899","maestro",1,8
"900","mal_usado_el_termino",1,0
"901","mal_uso",2,1.5
"902","malo_utilizacion",1,1
"903","manejo",1,5
"904","manejo_el_relacion_social",1,0
"905","manejo_mucho_dato",1,10
"906","manipulacion",29,1.86206896551724
"907","manipulacion_dato",2,5
"908","manipulacion_dato_sensible",1,0
"909","manipulacion_fin_politico",1,1
"910","manipulacion_informacio",1,0
"911","manipulacion_informacion",1,2
"912","manipulacion_persona",1,2
"913","manipulacion_voluntad",1,1
"914","manipular",2,7.5
"915","mantenimiento",1,0
"916","mapas",1,10
"917","maquina",23,4.91304347826087
"918","maquina_automatizado",1,6
"919","maquina_guardar_dato",1,5
"920","maquina_turing",1,5
"921","marketing",12,2.66666666666667
"922","marketing_4.0",1,8
"923","mas_consumo_internet",1,2
"924","mas_dato",1,6
"925","mas_tiempo_ocio",1,10
"926","masa",1,3
"927","masificacion",2,0
"928","masividad",2,10
"929","masivo",7,5.42857142857143
"930","matematico",15,7.86666666666667
"931","material_denso",1,3
"932","maximizar",1,8
"933","mayor_exactitud_investigacion",1,10
"934","mayor_facilidad_conseguir_informacion",1,8
"935","mecanico",1,1
"936","mecanico_que_transformar_y_acumular_dato",1,3
"937","mecanismo",1,8
"938","mecanismo_capaz_producir",1,3
"939","mecanizacion",2,6
"940","medicina",2,8.5
"941","medicion",1,0
"942","medio",1,4
"943","mejor",2,8.5
"944","mejor_calidad_vida",1,10
"945","mejor_salud",1,8
"946","mejora_el_calidad_vida",1,10
"947","mejorar",5,9
"948","mejorar_calidad",1,9
"949","mejorar_el_comunicacion",1,10
"950","memoria",9,6.33333333333333
"951","memoria_artificial",1,5
"952","memorizacion",1,10
"953","mente",7,7.85714285714286
"954","mente_propia",1,5
"955","mentira",4,5.25
"956","mercado",6,5
"957","mercado_informacion_y_dato",1,2
"958","mercado_negativo",1,10
"959","mercadotecnia",1,2
"960","merito",2,7.5
"961","meritocracia",1,1
"962","mesquindad",1,1
"963","metalico",1,6
"964","metodo",3,5.33333333333333
"965","metodo_cientifico",1,10
"966","metodo_registrar_dato",1,7
"967","metodologia",1,8
"968","metrico",1,5
"969","microsoft",1,8
"970","miedo",3,5.33333333333333
"971","mierda",1,0
"972","milenio",1,5
"973","mimesis",1,7
"974","mineria",2,9
"975","mineria_dato",2,9
"976","misterio",1,5
"977","modelado",1,8
"978","modelo",5,8.2
"979","modelo_estructurado_el_informacion",1,6
"980","modelo_mental",1,5
"981","modelo_predictivo",1,10
"982","moneda_virtual",1,8
"983","monetizacion",1,3
"984","monitoreo",1,5
"985","monopolio",1,2
"986","monopolizar",1,0
"987","mucho",9,6.11111111111111
"988","mucho_cantidad",1,3
"989","mucho_control_el_contenido",1,5
"990","mucho_dato",6,6.5
"991","mucho_dato_cargado",1,5
"992","mucho_espacio",1,5
"993","mucho_grande",1,0
"994","mucho_informacion",9,5.77777777777778
"995","mucho_saber",1,10
"996","mucho_tiempo",1,5
"997","muestrar",1,5
"998","muestreo",2,5
"999","multidisciplinario",1,10
"1000","multinacional",1,0
"1001","multiple",1,5
"1002","multiple_estimulo",1,2
"1003","mundial",1,10
"1004","mundo",1,7
"1005","nacimiento",1,8
"1006","nada",4,5
"1007","nano_chip",1,10
"1008","nanobot",1,8
"1009","nanoparticula",1,10
"1010","nanotecnologia",1,10
"1011","navegaciom",1,5
"1012","necesario",4,9
"1013","necesario_el_progreso",1,10
"1014","necesidad",1,7
"1015","negocio",5,2.4
"1016","neoliberalismo",1,0
"1017","nerd",1,9
"1018","neurociencia",2,7.5
"1019","neutralidad",1,1
"1020","ninguno",1,5
"1021","no_contemplar_el_diferencia",1,10
"1022","no_el_discutar_el_efecto_etico",1,3
"1023","no_entendi",1,5
"1024","no_humano",1,2
"1025","no_privacidad",1,1
"1026","no_reconocer_gris",1,8
"1027","no_regulado_mucho_vez_el_estado",1,2
"1028","nodo",1,5
"1029","nom",1,10
"1030","nomenclatura",1,8
"1031","noticia",2,7
"1032","noticiero",1,9
"1033","novedad",3,8.66666666666667
"1034","novedoso",1,10
"1035","ns",1,5
"1036","nube",7,7.42857142857143
"1037","nube_digital",1,9
"1038","nuevo",4,7.5
"1039","nuevo_conocimiento",1,10
"1040","nuevo_desafio",1,5
"1041","nuevo_estrategia",1,7
"1042","nuevo_facultad",1,10
"1043","nuevo_herramienta",1,5
"1044","nuevo_puesto_trabajo",1,8
"1045","nuevo_revolucion_industrial",1,10
"1046","nuevo_servicio_comercial",1,5
"1047","nuevo_socialidad",1,7
"1048","nuevo_softwar",1,10
"1049","nuevo_tecnologia",5,7.6
"1050","numero",11,6.72727272727273
"1051","numeroso",1,10
"1052","nunca_subestime_tu_aprendiz_matching_learning",1,4
"1053","objetiva",1,2
"1054","objetivacion",1,0
"1055","objetividad",3,4.66666666666667
"1056","objeto",2,5.5
"1057","observacion",4,7.5
"1058","observar",1,8
"1059","obtencion_distinto_objetivo",1,8
"1060","oceano_dato",1,7
"1061","odio",1,10
"1062","oferta_laboral",1,9
"1063","ok_google",1,10
"1064","omnipotente",1,8
"1065","online",1,10
"1066","operatividad",1,10
"1067","operativo",1,8
"1068","opinion",1,10
"1069","opinion_propia",1,9
"1070","opinion_publicar",1,10
"1071","opinion_publico",1,5
"1072","oportunidad",9,8.11111111111111
"1073","optimizar",1,9
"1074","oracle",1,5
"1075","orden",3,7.33333333333333
"1076","orden_mundial",2,0
"1077","ordenador",2,7.5
"1078","organizacion",5,9.2
"1079","organizacion_dato",1,8
"1080","orientacion",1,10
"1081","orwell",1,1
"1082","otres",1,10
"1083","otro_programa",1,5
"1084","paciencia",2,7
"1085","pagina_pdf",1,5
"1086","pagina_web",1,9
"1087","palabra",2,6
"1088","pantalla",1,5
"1089","paqueter_r",1,5
"1090","paradigma",1,2
"1091","paranoia",1,5
"1092","parco",1,3
"1093","pasa_tiempo",1,10
"1094","pasion",1,10
"1095","pato_donnald",1,5
"1096","patr",2,6
"1097","patron",4,7.5
"1098","patron_afinidad",1,5
"1099","pc",2,6.5
"1100","pdf",1,8
"1101","pedanteria",1,0
"1102","pelicula",3,8
"1103","pelicula_ciencia_ficcion",1,5
"1104","peligro",5,1.6
"1105","peligrosidad_el_uso_ese_dato",1,1
"1106","peligroso",3,1
"1107","pensador",1,10
"1108","pensamiento",9,8
"1109","pensamiento_computacional",1,5
"1110","pensar",5,8.8
"1111","peoyeccion",1,5
"1112","percepcion",1,2
"1113","perder_el_espiritu",1,0
"1114","perdida",1,5
"1115","perdida_autenticidad",1,0
"1116","perdida_el_privacidad",2,2
"1117","perdida_fuente_trabajo",1,2
"1118","perdida_libertad",1,0
"1119","perdida_privacidad",2,0
"1120","perdida_trabajo",1,3
"1121","perdidad_trabajo",1,1
"1122","perfeccionamiento",1,10
"1123","perfil",2,5
"1124","perfil_destinatario",1,3
"1125","periodismo",1,7
"1126","permanencia",1,3
"1127","perro",1,10
"1128","persecucion",1,1
"1129","persona",2,6.5
"1130","personal",2,1
"1131","personalizacion",1,7
"1132","perspectiva",1,8
"1133","pesado",1,2
"1134","piaget",1,10
"1135","piensan/hacer_otro_el_que_poder_hacer",1,6
"1136","pisibilidad",1,0
"1137","placa_el_verde",1,8
"1138","placer",1,5
"1139","placo_madre",1,10
"1140","plagio",1,0
"1141","planificacion",1,10
"1142","plata",2,4.5
"1143","plataforma",1,9
"1144","plataforma_virtual",1,10
"1145","plateado",1,7
"1146","pluralidad",1,8
"1147","poblacion",3,8
"1148","pobreza",1,0
"1149","poco",1,1
"1150","poco_abarcativo",1,7
"1151","poco_interaccion_social",1,2
"1152","poco_privacidad",1,2
"1153","poco_sensible",1,2
"1154","poder",36,6.22222222222222
"1155","poder_computo",1,8
"1156","poder_manejar_objeto_wifi",1,7
"1157","politica",4,3
"1158","politico",2,3.5
"1159","posesion",1,0
"1160","posibilidad",13,7.61538461538461
"1161","posibilidad_nuevo",1,10
"1162","posibilidad_poner_disposicion_publico_el_dat",1,10
"1163","positivismo",1,0
"1164","posmodernidad",2,4.5
"1165","posmoderno",1,0
"1166","postear",1,6
"1167","posthumano",1,3
"1168","potencial",1,10
"1169","power_bi",1,9
"1170","practica",2,10
"1171","practicar",2,8
"1172","practicidad",1,10
"1173","pragmatico",1,3
"1174","precarizacion",1,10
"1175","precarizacion_laboral",1,0
"1176","precision",1,10
"1177","prediccion",9,8.77777777777778
"1178","predictivo",2,9
"1179","predizar",1,10
"1180","preguntar",1,10
"1181","preocupacion",1,2
"1182","prer",1,10
"1183","prescindencia",1,2
"1184","presente",2,2.5
"1185","prevision",1,0
"1186","prevision_suceso",1,9
"1187","primicia",1,10
"1188","primordial",1,10
"1189","privacidad",22,1.95454545454545
"1190","privacidad_perdida",1,0
"1191","privacion_el_informacion",1,2
"1192","privado",2,1.5
"1193","privilegio",1,10
"1194","probabilidad",3,4.66666666666667
"1195","problema",4,1.5
"1196","problema_aprendizaje",1,5
"1197","procedimiento",1,10
"1198","procesamiento",9,7.77777777777778
"1199","procesamiento_dato",2,8
"1200","procesamiento_imagen",1,10
"1201","procesamiento_informacion",1,6
"1202","procesaniento",1,10
"1203","procesar",1,10
"1204","proceso",3,8
"1205","producir",1,5
"1206","productividad",3,10
"1207","producto",1,8
"1208","profesor",1,0
"1209","profesorado",1,5
"1210","programa",2,7.5
"1211","programa_capaz_solucionar_poco_recurso",1,5
"1212","programa_guia_tramite",1,9
"1213","programacion",26,7.46153846153846
"1214","programado",2,4
"1215","programador",2,7.5
"1216","progreso",16,8.9375
"1217","prolog",1,5
"1218","protesis",1,9
"1219","prototipo",1,5
"1220","proximidad_controlar",1,5
"1221","proyeccion",2,10
"1222","prueba",2,8.5
"1223","pseudo",1,0
"1224","psicologia",1,5
"1225","publicidad",7,2.42857142857143
"1226","publicidad_el_privacidad",1,0
"1227","publico",2,4.5
"1228","publico_meter",1,5
"1229","puesto_trabajo",1,1
"1230","punto",1,5
"1231","python",5,8.8
"1232","que",2,5
"1233","que_este_moda",1,0
"1234","que_yo_interesar",1,8
"1235","quebrantar_el_esfera_el_privado",1,0
"1236","quimica",1,10
"1237","r_lenguaje",1,8
"1238","r_studio",1,10
"1239","rapidez",12,7.83333333333333
"1240","rapido",4,7
"1241","raro",2,3.5
"1242","rastreo",1,0
"1243","razon",1,5
"1244","razonamiento",6,8
"1245","realidad",2,6.5
"1246","realidad_virtual",2,6
"1247","realizacion",1,8
"1248","rebelion_el_maquina",1,0
"1249","receptividad",1,10
"1250","reconfiguracion_cognitivo",1,10
"1251","reconocimiento_facial",3,5.66666666666667
"1252","recopilacion",4,5.5
"1253","recurso",3,6.33333333333333
"1254","red",14,7.92857142857143
"1255","red_neuronal",6,7.83333333333333
"1256","red_social",12,4.41666666666667
"1257","reduccion_costo",1,10
"1258","reemplazo",7,1.85714285714286
"1259","reemplazo_mano_obra",1,10
"1260","referencia",1,8
"1261","reflexion",2,6.5
"1262","registro",2,5
"1263","regla_poco_claro",1,2
"1264","regresion_lineal",1,10
"1265","regularidad",1,5
"1266","relacion",2,6
"1267","relacion_personal",1,7
"1268","relacion_virtual",1,1
"1269","relevamiento",3,6.33333333333333
"1270","rendimiento",1,10
"1271","repeticion",1,10
"1272","replanteo",1,0
"1273","requerir_procesar",1,6
"1274","resiliencia",1,10
"1275","resolucion",2,7.5
"1276","resolucion_problema",3,7.66666666666667
"1277","respetable",1,9
"1278","respeto",1,10
"1279","respondabilidad",1,6
"1280","responsabilidad",3,9.33333333333333
"1281","respuesta",3,8
"1282","respuesta_autonoma",1,9
"1283","respuestar",1,5
"1284","resultado",2,8
"1285","resumen",1,6
"1286","revolucion",3,8
"1287","riesgo",2,3
"1288","riesgoso",1,0
"1289","riqueza",1,10
"1290","robo",2,0
"1291","robo_dato",1,0
"1292","robot",82,5.4390243902439
"1293","robot_dominar_el_mundo",1,0
"1294","robotica",12,5.33333333333333
"1295","robotico",18,7.38888888888889
"1296","robotizacion",1,4
"1297","saber",27,8.85185185185185
"1298","saber_especifico",1,9
"1299","saber_tecnico_y_disciplina",1,7
"1300","sabidur",9,9.22222222222222
"1301","sabiduria",2,10
"1302","salida_laboral",2,10
"1303","salud",7,7.14285714285714
"1304","salud_y_bienestar",1,10
"1305","sarcasmo_fake_new",1,0
"1306","satelite",2,4
"1307","satisfaccion",1,9
"1308","scolari_autor",1,10
"1309","secreto",1,10
"1310","sectorizacion",1,5
"1311","sedentarismo",1,4
"1312","segmentacion",4,3.75
"1313","segmentacion_el_audiencia",1,5
"1314","segregadora",1,5
"1315","seguimiento",2,3
"1316","seguridad",2,6.5
"1317","seguridad_delictivo",1,8
"1318","seguridad_el_informacion",1,6
"1319","sencillez",1,8
"1320","sencillo",1,5
"1321","sentimiento",1,3
"1322","ser_digital",2,5
"1323","ser_el_futuro",1,5
"1324","ser_el_que_escribir",1,10
"1325","ser_tendencia",1,6
"1326","ser_uno_derecho",1,0
"1327","servicio_tecnologico_informacion",1,8
"1328","servidor",1,5
"1329","servidor_web",1,0
"1330","sesgado",1,0
"1331","sesgo",1,2
"1332","sevicio",1,8
"1333","sexo",1,5
"1334","significado",1,1
"1335","simplicidad",1,5
"1336","simplir",1,10
"1337","simulacion",2,6
"1338","simulador",2,9.5
"1339","sinapsis",1,10
"1340","sinprivacidad",1,0
"1341","sistema",15,6.06666666666667
"1342","sistema_adaptacion",1,3
"1343","sistema_algoritmo",1,4
"1344","sistema_binario",1,5
"1345","sistema_dato",1,5
"1346","sistema_extraer_conocimiento",1,9
"1347","sistema_operativo",3,8.66666666666667
"1348","sistema_programado_seguir_paso",1,5
"1349","sistematico",3,6.66666666666667
"1350","sistematizacion",2,6.5
"1351","situacion",1,6
"1352","skills",1,8
"1353","skynet",4,1.5
"1354","soberania_informatico",1,5
"1355","soberbia",2,0
"1356","sobreabundancia_dato",1,5
"1357","sobreabundancia_informacion",1,3
"1358","sobredato",1,3
"1359","sobreestimulacion",1,3
"1360","sobreexigencia_horario",1,0
"1361","sobreinformacion",4,0.25
"1362","social",3,6.66666666666667
"1363","socializacion",2,9.5
"1364","sociedad",4,6.75
"1365","sociologia",2,10
"1366","software",9,7.11111111111111
"1367","soledad",1,2
"1368","solidaridad",2,9.5
"1369","solucion",4,9
"1370","solucion_problema",1,7
"1371","solucionar",1,10
"1372","sometimiento",1,3
"1373","sonbreinformacion",1,3
"1374","sorpresa",1,5
"1375","spilberg",1,0
"1376","stalkeo",1,0
"1377","stalker",1,0
"1378","steve_jobs",1,9
"1379","su_uso_poder_ser_peligroso",1,2
"1380","subjetividad",1,9
"1381","sueno_imposible",1,1
"1382","sugerencia",1,7
"1383","superficial",1,10
"1384","superficialidad",1,1
"1385","superior",2,2.5
"1386","superioridad",1,5
"1387","supervivencia",2,10
"1388","suplantacion",1,2
"1389","suplantar_persona",1,0
"1390","sustentabilidad",2,9
"1391","sustitucion",1,4
"1392","sustitucion_humano",1,4
"1393","sustitucion_trabajo_humano",1,0
"1394","t-1000",1,0
"1395","tambien_ser_uno_obligacion",1,0
"1396","tarea",2,6
"1397","targeting",1,10
"1398","tecnicismo",1,5
"1399","tecnico",1,4
"1400","tecnociencia",1,7
"1401","tecnologia",133,7.76691729323308
"1402","tecnologia_aplicado",2,9
"1403","tecnologia_avanzar",1,10
"1404","tecnologia_computacion",1,5
"1405","tecnologia_el_informacion",1,10
"1406","tecnologia_inevitable",1,2
"1407","tecnologia_que_ayudar_el_ser_humano_medicina",1,9
"1408","tecnologico",4,9.75
"1409","teconologia",1,9
"1410","tegnologia",1,5
"1411","telenoche",1,10
"1412","temor",2,2
"1413","tendencia",3,6.66666666666667
"1414","teoria",2,7.5
"1415","teoria_o_modelo_explicacion",1,5
"1416","terapeutico",1,7
"1417","terminator",3,2
"1418","tesis",1,10
"1419","the_big_datar",1,10
"1420","tic",6,7.5
"1421","tic's",1,5
"1422","tiempo",5,5.6
"1423","todo",1,10
"1424","todo_computarizado",1,4
"1425","todo_estar_el_web",1,5
"1426","toma_decision",1,10
"1427","toma_decision_rapido",1,8
"1428","trabajo",10,6.7
"1429","trabajo_colaborativo",1,10
"1430","trafico",1,5
"1431","trafico_web",1,10
"1432","transformacion",2,10
"1433","transhumanismo",2,0
"1434","transmision",2,10
"1435","transmitir",1,10
"1436","transporte",1,0
"1437","trascendente",1,6
"1438","trasmedia",1,7
"1439","trazabilidad",1,7
"1440","tremr",1,8
"1441","tristeza",1,5
"1442","trump",1,0
"1443","unidad",1,8
"1444","unificacion",1,5
"1445","union",1,10
"1446","universal",2,8
"1447","universidad",3,9.33333333333333
"1448","universo",2,4
"1449","uno_encabezado",1,5
"1450","uno_esfera_contenido_dato_e_informacion",1,10
"1451","uno_fecha_importante",1,0
"1452","uno_gran_cambio",1,0
"1453","uno_gran_dato",1,10
"1454","uno_hamburguesa",1,0
"1455","uno_noticia_importante",1,10
"1456","uno_tipo_problematica",1,10
"1457","urbanizacion_obligatorio",1,0
"1458","uso_dato",1,2
"1459","uso_gestion_publico_salud_educacion_trab_eco",1,9
"1460","usuario",1,9
"1461","util",5,9.4
"1462","utilidad",2,8.5
"1463","utilizacion_informacion",1,5
"1464","utopia",1,10
"1465","utopica",1,5
"1466","valioso",1,9
"1467","valle",1,9
"1468","valley",2,2
"1469","valor",5,8
"1470","valoracion",1,7
"1471","valorar_su_combinacion_conocimiento_cada_d",1,10
"1472","valorativo",1,4
"1473","vanguardia",1,10
"1474","variable",2,5
"1475","variedad",1,6
"1476","vecino",1,10
"1477","velocidad",14,6.5
"1478","vender",1,5
"1479","venta",1,2
"1480","venta_dato",1,0
"1481","venta_dato_consentimiento",1,2
"1482","venta_informacion",1,0
"1483","venta_y_marketing",1,1
"1484","ventaja",2,10
"1485","veracidad",1,5
"1486","verdad",1,10
"1487","vez_ser_inaccesible_todo",1,10
"1488","vida",3,7.66666666666667
"1489","vida_privado",1,2
"1490","vida_publico_expuesta",1,8
"1491","vigilancia",8,1.375
"1492","vincular",1,10
"1493","vinculo",3,10
"1494","violacion",1,0
"1495","violacion_el_intimidad",1,7
"1496","violento",1,0
"1497","virtual",3,6
"1498","virtualidad",4,6.75
"1499","virtualizacion",1,5
"1500","virus",1,10
"1501","visor_vr",1,8
"1502","visual_estudio",1,0
"1503","vocacion",1,10
"1504","volumen",4,6.5
"1505","volumen_dato",3,7.66666666666667
"1506","volumir",1,6
"1507","vulnerabilidad",2,0
"1508","vulnerable",1,2
"1509","watser_ibm",1,7
"1510","web",2,5
"1511","webperiodismo",1,10
"1512","window",1,10
"1513","yo_dar_miedo",1,10
"1514","yo_escuchar",1,2
"1515","yo_poder_superar",1,10
"1516","yo_sonar_robot",1,5
"1517",NA,15,4.73333333333333
